{
  "as_of_utc": "2025-11-17T20:51:12.566151+00:00",
  "portfolio_id": "portfolio_paper_aggressive_trades",
  "cash": 16102.99,
  "market_value": 8756.74,
  "equity": 24859.73,
  "holdings": {
    "ABBV": {
      "qty": 2.802817,
      "avg_cost": 234.098865,
      "mark": 233.56,
      "market_value": 654.63
    },
    "AVGO": {
      "qty": 1.668617,
      "avg_cost": 348.53819,
      "mark": 340.32,
      "market_value": 567.86
    },
    "CIBR": {
      "qty": 8.229276,
      "avg_cost": 75.00493,
      "mark": 73.59,
      "market_value": 605.59
    },
    "DKNG": {
      "qty": 4.2e-05,
      "avg_cost": 29.74972,
      "mark": 28.725,
      "market_value": 0.0
    },
    "ETSY": {
      "qty": 9.930836,
      "avg_cost": 57.67762,
      "mark": 54.16,
      "market_value": 537.85
    },
    "ILMN": {
      "qty": 0.637974,
      "avg_cost": 121.46134,
      "mark": 120.28,
      "market_value": 76.74
    },
    "LLY": {
      "qty": 0.857127,
      "avg_cost": 1021.775755,
      "mark": 1022.94,
      "market_value": 876.79
    },
    "LYFT": {
      "qty": 9.640638,
      "avg_cost": 23.29327,
      "mark": 21.735,
      "market_value": 209.54
    },
    "MMM": {
      "qty": 5.032211,
      "avg_cost": 170.195025,
      "mark": 165.65,
      "market_value": 833.59
    },
    "MRNA": {
      "qty": 17.651539,
      "avg_cost": 24.77475,
      "mark": 24.75,
      "market_value": 436.88
    },
    "NOC": {
      "qty": 0.734669,
      "avg_cost": 560.7602,
      "mark": 560.2,
      "market_value": 411.56
    },
    "PFE": {
      "qty": 31.45163,
      "avg_cost": 25.80578,
      "mark": 25.135,
      "market_value": 790.54
    },
    "SNAP": {
      "qty": 5.9e-05,
      "avg_cost": 8.618864,
      "mark": 8.155,
      "market_value": 0.0
    },
    "TSM": {
      "qty": 1.649883,
      "avg_cost": 281.7815,
      "mark": 281.5,
      "market_value": 464.44
    },
    "UBER": {
      "qty": 6.35195,
      "avg_cost": 92.217125,
      "mark": 92.125,
      "market_value": 585.17
    },
    "VRTX": {
      "qty": 0.734622,
      "avg_cost": 434.499065,
      "mark": 434.065,
      "market_value": 318.87
    },
    "XLE": {
      "qty": 6.381284,
      "avg_cost": 92.147055,
      "mark": 90.395,
      "market_value": 576.84
    },
    "XLV": {
      "qty": 5.331144,
      "avg_cost": 153.097945,
      "mark": 151.91,
      "market_value": 809.85
    }
  }
}