{
  "as_of_utc": "2025-11-17T14:45:54.995302+00:00",
  "portfolio_id": "portfolio_paper_aggressive_trades",
  "cash": 17736.37,
  "market_value": 7211.8,
  "equity": 24948.17,
  "holdings": {
    "ABBV": {
      "qty": 2.802817,
      "avg_cost": 234.098865,
      "mark": 234.285,
      "market_value": 656.66
    },
    "AVGO": {
      "qty": 1.668617,
      "avg_cost": 348.53819,
      "mark": 348.19,
      "market_value": 581.0
    },
    "CIBR": {
      "qty": 8.229276,
      "avg_cost": 75.00493,
      "mark": 74.93,
      "market_value": 616.62
    },
    "DKNG": {
      "qty": 4.2e-05,
      "avg_cost": 29.74972,
      "mark": 29.72,
      "market_value": 0.0
    },
    "ETSY": {
      "qty": 9.930836,
      "avg_cost": 57.67762,
      "mark": 57.62,
      "market_value": 572.21
    },
    "ILMN": {
      "qty": 0.637974,
      "avg_cost": 121.46134,
      "mark": 119.91,
      "market_value": 76.5
    },
    "LLY": {
      "qty": 0.857127,
      "avg_cost": 1021.775755,
      "mark": 1021.06,
      "market_value": 875.18
    },
    "LYFT": {
      "qty": 9.640638,
      "avg_cost": 23.29327,
      "mark": 22.82,
      "market_value": 220.0
    },
    "MMM": {
      "qty": 5.032211,
      "avg_cost": 170.195025,
      "mark": 167.36,
      "market_value": 842.19
    },
    "PFE": {
      "qty": 31.45163,
      "avg_cost": 25.80578,
      "mark": 25.225,
      "market_value": 793.37
    },
    "SNAP": {
      "qty": 5.9e-05,
      "avg_cost": 8.618864,
      "mark": 8.485,
      "market_value": 0.0
    },
    "UBER": {
      "qty": 6.35195,
      "avg_cost": 92.217125,
      "mark": 92.125,
      "market_value": 585.17
    },
    "XLE": {
      "qty": 6.381284,
      "avg_cost": 92.147055,
      "mark": 91.31,
      "market_value": 582.68
    },
    "XLV": {
      "qty": 5.331144,
      "avg_cost": 153.097945,
      "mark": 151.98,
      "market_value": 810.23
    }
  }
}