{
  "as_of_utc": "2025-11-11T17:41:17.016763+00:00",
  "portfolio_id": "portfolio_paper_aggressive_trades",
  "cash": 193.86,
  "market_value": 19922.97,
  "equity": 20116.83,
  "holdings": {
    "AAPL": {
      "qty": 5.917317,
      "avg_cost": 270.11985,
      "mark": 273.21,
      "market_value": 1616.67
    },
    "AMZN": {
      "qty": 4.1137,
      "avg_cost": 243.20296,
      "mark": 248.22,
      "market_value": 1021.1
    },
    "DDOG": {
      "qty": 8.877675,
      "avg_cost": 193.296866,
      "mark": 197.14,
      "market_value": 1750.14
    },
    "DE": {
      "qty": 6.3135,
      "avg_cost": 475.53506,
      "mark": 477.46,
      "market_value": 3014.44
    },
    "DOCN": {
      "qty": 20.339725,
      "avg_cost": 48.388371,
      "mark": 50.48,
      "market_value": 1026.75
    },
    "FSLR": {
      "qty": 14.6956,
      "avg_cost": 272.38211,
      "mark": 264.81,
      "market_value": 3891.54
    },
    "GOOGL": {
      "qty": 17.5831,
      "avg_cost": 283.627102,
      "mark": 289.32,
      "market_value": 5087.14
    },
    "ICLN": {
      "qty": 0.000225,
      "avg_cost": 17.49748,
      "mark": 17.81,
      "market_value": 0.0
    },
    "JPM": {
      "qty": 3.264725,
      "avg_cost": 313.423735,
      "mark": 317.05,
      "market_value": 1035.08
    },
    "MDB": {
      "qty": 2.021577,
      "avg_cost": 374.60423,
      "mark": 373.45,
      "market_value": 754.96
    },
    "XOP": {
      "qty": 5.38411,
      "avg_cost": 134.7346,
      "mark": 134.68,
      "market_value": 725.13
    }
  }
}