{
  "as_of_utc": "2025-11-12T20:43:57.730396+00:00",
  "portfolio_id": "portfolio_paper_aggressive_trades",
  "cash": 200.51,
  "market_value": 19790.79,
  "equity": 19991.3,
  "holdings": {
    "AAPL": {
      "qty": 2.146128,
      "avg_cost": 270.11985,
      "mark": 273.965,
      "market_value": 587.96
    },
    "AMZN": {
      "qty": 4.1137,
      "avg_cost": 243.20296,
      "mark": 244.96,
      "market_value": 1007.69
    },
    "DDOG": {
      "qty": 8.877675,
      "avg_cost": 193.296866,
      "mark": 189.49,
      "market_value": 1682.23
    },
    "DE": {
      "qty": 6.3135,
      "avg_cost": 475.53506,
      "mark": 479.475,
      "market_value": 3027.17
    },
    "DOCN": {
      "qty": 11.441095,
      "avg_cost": 48.388371,
      "mark": 48.265,
      "market_value": 552.2
    },
    "EFA": {
      "qty": 15.71025,
      "avg_cost": 96.711165,
      "mark": 96.595,
      "market_value": 1517.53
    },
    "FSLR": {
      "qty": 13.954495,
      "avg_cost": 272.38211,
      "mark": 267.77,
      "market_value": 3736.6
    },
    "GOOGL": {
      "qty": 17.5831,
      "avg_cost": 283.627102,
      "mark": 286.895,
      "market_value": 5044.5
    },
    "ICLN": {
      "qty": 3.699526,
      "avg_cost": 17.677652,
      "mark": 17.66,
      "market_value": 65.33
    },
    "JPM": {
      "qty": 3.264725,
      "avg_cost": 313.423735,
      "mark": 320.55,
      "market_value": 1046.51
    },
    "MDB": {
      "qty": 2.021577,
      "avg_cost": 374.60423,
      "mark": 369.02,
      "market_value": 746.0
    },
    "SNAP": {
      "qty": 7.242794,
      "avg_cost": 9.02902,
      "mark": 9.02,
      "market_value": 65.33
    },
    "XOP": {
      "qty": 5.38411,
      "avg_cost": 134.7346,
      "mark": 132.19,
      "market_value": 711.73
    }
  }
}