{
  "as_of_utc": "2025-11-10T18:41:53.793278+00:00",
  "portfolio_id": "portfolio_paper_aggressive_trades",
  "cash": 815.38,
  "market_value": 19518.04,
  "equity": 20333.42,
  "holdings": {
    "AAPL": {
      "qty": 9.021316,
      "avg_cost": 270.11985,
      "mark": 269.78,
      "market_value": 2433.77
    },
    "AMZN": {
      "qty": 4.1137,
      "avg_cost": 243.20296,
      "mark": 248.56,
      "market_value": 1022.5
    },
    "DDOG": {
      "qty": 5.2407,
      "avg_cost": 187.79761,
      "mark": 201.35,
      "market_value": 1055.21
    },
    "DE": {
      "qty": 6.3135,
      "avg_cost": 475.53506,
      "mark": 473.75,
      "market_value": 2991.02
    },
    "DOCN": {
      "qty": 20.339575,
      "avg_cost": 48.388352,
      "mark": 51.66,
      "market_value": 1050.74
    },
    "FSLR": {
      "qty": 14.6956,
      "avg_cost": 272.38211,
      "mark": 278.0,
      "market_value": 4085.38
    },
    "GOOGL": {
      "qty": 17.5831,
      "avg_cost": 283.627102,
      "mark": 289.305,
      "market_value": 5086.88
    },
    "ICLN": {
      "qty": 0.0003,
      "avg_cost": 17.49748,
      "mark": 17.975,
      "market_value": 0.01
    },
    "JPM": {
      "qty": 3.264725,
      "avg_cost": 313.423735,
      "mark": 317.64,
      "market_value": 1037.01
    },
    "MDB": {
      "qty": 2.021577,
      "avg_cost": 374.60423,
      "mark": 373.73,
      "market_value": 755.52
    }
  }
}