{
  "as_of_utc": "2025-11-11T17:15:32.941800+00:00",
  "portfolio_id": "portfolio_paper_aggressive_trades",
  "cash": 193.86,
  "market_value": 19909.55,
  "equity": 20103.41,
  "holdings": {
    "AAPL": {
      "qty": 5.917317,
      "avg_cost": 270.11985,
      "mark": 272.25,
      "market_value": 1610.99
    },
    "AMZN": {
      "qty": 4.1137,
      "avg_cost": 243.20296,
      "mark": 247.85,
      "market_value": 1019.58
    },
    "DDOG": {
      "qty": 8.877675,
      "avg_cost": 193.296866,
      "mark": 196.88,
      "market_value": 1747.84
    },
    "DE": {
      "qty": 6.3135,
      "avg_cost": 475.53506,
      "mark": 477.62,
      "market_value": 3015.45
    },
    "DOCN": {
      "qty": 20.339725,
      "avg_cost": 48.388371,
      "mark": 50.455,
      "market_value": 1026.24
    },
    "FSLR": {
      "qty": 14.6956,
      "avg_cost": 272.38211,
      "mark": 265.42,
      "market_value": 3900.51
    },
    "GOOGL": {
      "qty": 17.5831,
      "avg_cost": 283.627102,
      "mark": 289.02,
      "market_value": 5081.87
    },
    "ICLN": {
      "qty": 0.000225,
      "avg_cost": 17.49748,
      "mark": 17.8,
      "market_value": 0.0
    },
    "JPM": {
      "qty": 3.264725,
      "avg_cost": 313.423735,
      "mark": 316.755,
      "market_value": 1034.12
    },
    "MDB": {
      "qty": 2.021577,
      "avg_cost": 374.60423,
      "mark": 370.135,
      "market_value": 748.26
    },
    "XOP": {
      "qty": 5.38411,
      "avg_cost": 134.7346,
      "mark": 134.6,
      "market_value": 724.7
    }
  }
}