{
  "as_of_utc": "2025-11-17T18:23:44.111106+00:00",
  "portfolio_id": "portfolio_paper_aggressive_trades",
  "cash": 17736.37,
  "market_value": 7176.21,
  "equity": 24912.58,
  "holdings": {
    "ABBV": {
      "qty": 2.802817,
      "avg_cost": 234.098865,
      "mark": 234.04,
      "market_value": 655.97
    },
    "AVGO": {
      "qty": 1.668617,
      "avg_cost": 348.53819,
      "mark": 344.47,
      "market_value": 574.79
    },
    "CIBR": {
      "qty": 8.229276,
      "avg_cost": 75.00493,
      "mark": 74.41,
      "market_value": 612.34
    },
    "DKNG": {
      "qty": 4.2e-05,
      "avg_cost": 29.74972,
      "mark": 29.49,
      "market_value": 0.0
    },
    "ETSY": {
      "qty": 9.930836,
      "avg_cost": 57.67762,
      "mark": 54.965,
      "market_value": 545.85
    },
    "ILMN": {
      "qty": 0.637974,
      "avg_cost": 121.46134,
      "mark": 121.91,
      "market_value": 77.78
    },
    "LLY": {
      "qty": 0.857127,
      "avg_cost": 1021.775755,
      "mark": 1026.785,
      "market_value": 880.09
    },
    "LYFT": {
      "qty": 9.640638,
      "avg_cost": 23.29327,
      "mark": 21.97,
      "market_value": 211.8
    },
    "MMM": {
      "qty": 5.032211,
      "avg_cost": 170.195025,
      "mark": 166.84,
      "market_value": 839.57
    },
    "PFE": {
      "qty": 31.45163,
      "avg_cost": 25.80578,
      "mark": 25.415,
      "market_value": 799.34
    },
    "SNAP": {
      "qty": 5.9e-05,
      "avg_cost": 8.618864,
      "mark": 8.305,
      "market_value": 0.0
    },
    "UBER": {
      "qty": 6.35195,
      "avg_cost": 92.217125,
      "mark": 91.56,
      "market_value": 581.58
    },
    "XLE": {
      "qty": 6.381284,
      "avg_cost": 92.147055,
      "mark": 91.315,
      "market_value": 582.71
    },
    "XLV": {
      "qty": 5.331144,
      "avg_cost": 153.097945,
      "mark": 152.76,
      "market_value": 814.39
    }
  }
}