{
  "as_of_utc": "2025-11-10T18:18:36.114344+00:00",
  "portfolio_id": "portfolio_paper_aggressive_trades",
  "cash": 251.41,
  "market_value": 20049.11,
  "equity": 20300.52,
  "holdings": {
    "AAPL": {
      "qty": 11.113913,
      "avg_cost": 270.11985,
      "mark": 270.13,
      "market_value": 3002.2
    },
    "AMZN": {
      "qty": 4.1137,
      "avg_cost": 243.20296,
      "mark": 248.4,
      "market_value": 1021.84
    },
    "DDOG": {
      "qty": 5.2407,
      "avg_cost": 187.79761,
      "mark": 199.53,
      "market_value": 1045.68
    },
    "DE": {
      "qty": 6.3135,
      "avg_cost": 475.53506,
      "mark": 473.46,
      "market_value": 2989.19
    },
    "DOCN": {
      "qty": 20.3395,
      "avg_cost": 48.38834,
      "mark": 51.63,
      "market_value": 1050.13
    },
    "FSLR": {
      "qty": 14.6956,
      "avg_cost": 272.38211,
      "mark": 277.45,
      "market_value": 4077.29
    },
    "GOOGL": {
      "qty": 17.5831,
      "avg_cost": 283.627102,
      "mark": 288.29,
      "market_value": 5069.03
    },
    "ICLN": {
      "qty": 0.0004,
      "avg_cost": 17.49748,
      "mark": 17.995,
      "market_value": 0.01
    },
    "JPM": {
      "qty": 3.264725,
      "avg_cost": 313.423735,
      "mark": 317.7,
      "market_value": 1037.2
    },
    "MDB": {
      "qty": 2.021577,
      "avg_cost": 374.60423,
      "mark": 374.23,
      "market_value": 756.53
    }
  }
}