{
  "as_of_utc": "2025-11-07T19:37:09.861235+00:00",
  "portfolio_id": "portfolio_paper_aggressive_trades",
  "cash": 3988.78,
  "market_value": 15675.47,
  "equity": 19664.25,
  "holdings": {
    "AAPL": {
      "qty": 14.8186,
      "avg_cost": 270.11985,
      "mark": 267.61,
      "market_value": 3965.61
    },
    "AMZN": {
      "qty": 4.1137,
      "avg_cost": 243.20296,
      "mark": 241.775,
      "market_value": 994.59
    },
    "DE": {
      "qty": 6.3135,
      "avg_cost": 475.53506,
      "mark": 465.405,
      "market_value": 2938.33
    },
    "FSLR": {
      "qty": 14.6956,
      "avg_cost": 272.38211,
      "mark": 263.95,
      "market_value": 3878.9
    },
    "GOOGL": {
      "qty": 14.0414,
      "avg_cost": 285.07479,
      "mark": 277.61,
      "market_value": 3898.03
    }
  }
}