{
  "as_of_utc": "2025-11-13T20:45:05.824330+00:00",
  "portfolio_id": "portfolio_paper_aggressive_trades",
  "cash": 21639.93,
  "market_value": 3356.71,
  "equity": 24996.64,
  "holdings": {
    "LLY": {
      "qty": 0.857127,
      "avg_cost": 1021.775755,
      "mark": 1020.755,
      "market_value": 874.92
    },
    "MMM": {
      "qty": 5.032211,
      "avg_cost": 170.195025,
      "mark": 170.025,
      "market_value": 855.6
    },
    "PFE": {
      "qty": 31.45163,
      "avg_cost": 25.80578,
      "mark": 25.78,
      "market_value": 810.82
    },
    "SNAP": {
      "qty": 3.7e-05,
      "avg_cost": 8.663655,
      "mark": 8.655,
      "market_value": 0.0
    },
    "XLV": {
      "qty": 5.331144,
      "avg_cost": 153.097945,
      "mark": 152.945,
      "market_value": 815.37
    }
  }
}