{
  "as_of_utc": "2025-11-11T19:42:40.687715+00:00",
  "portfolio_id": "portfolio_paper_aggressive_trades",
  "cash": 796.23,
  "market_value": 19353.56,
  "equity": 20149.79,
  "holdings": {
    "AAPL": {
      "qty": 4.437988,
      "avg_cost": 270.11985,
      "mark": 275.26,
      "market_value": 1221.6
    },
    "AMZN": {
      "qty": 4.1137,
      "avg_cost": 243.20296,
      "mark": 249.395,
      "market_value": 1025.94
    },
    "DDOG": {
      "qty": 8.877675,
      "avg_cost": 193.296866,
      "mark": 197.12,
      "market_value": 1749.97
    },
    "DE": {
      "qty": 6.3135,
      "avg_cost": 475.53506,
      "mark": 479.8,
      "market_value": 3029.22
    },
    "DOCN": {
      "qty": 20.339725,
      "avg_cost": 48.388371,
      "mark": 50.32,
      "market_value": 1023.49
    },
    "FSLR": {
      "qty": 13.954495,
      "avg_cost": 272.38211,
      "mark": 264.16,
      "market_value": 3686.22
    },
    "GOOGL": {
      "qty": 17.5831,
      "avg_cost": 283.627102,
      "mark": 290.34,
      "market_value": 5105.08
    },
    "ICLN": {
      "qty": 0.000169,
      "avg_cost": 17.49748,
      "mark": 17.76,
      "market_value": 0.0
    },
    "JPM": {
      "qty": 3.264725,
      "avg_cost": 313.423735,
      "mark": 316.77,
      "market_value": 1034.17
    },
    "MDB": {
      "qty": 2.021577,
      "avg_cost": 374.60423,
      "mark": 372.94,
      "market_value": 753.93
    },
    "XOP": {
      "qty": 5.38411,
      "avg_cost": 134.7346,
      "mark": 134.46,
      "market_value": 723.95
    }
  }
}