{
  "as_of_utc": "2025-11-11T20:43:24.887599+00:00",
  "portfolio_id": "portfolio_paper_aggressive_trades",
  "cash": 967.47,
  "market_value": 19181.42,
  "equity": 20148.89,
  "holdings": {
    "AAPL": {
      "qty": 3.815339,
      "avg_cost": 270.11985,
      "mark": 275.29,
      "market_value": 1050.32
    },
    "AMZN": {
      "qty": 4.1137,
      "avg_cost": 243.20296,
      "mark": 248.91,
      "market_value": 1023.94
    },
    "DDOG": {
      "qty": 8.877675,
      "avg_cost": 193.296866,
      "mark": 197.62,
      "market_value": 1754.41
    },
    "DE": {
      "qty": 6.3135,
      "avg_cost": 475.53506,
      "mark": 477.755,
      "market_value": 3016.31
    },
    "DOCN": {
      "qty": 20.339725,
      "avg_cost": 48.388371,
      "mark": 50.02,
      "market_value": 1017.39
    },
    "FSLR": {
      "qty": 13.954495,
      "avg_cost": 272.38211,
      "mark": 264.72,
      "market_value": 3694.03
    },
    "GOOGL": {
      "qty": 17.5831,
      "avg_cost": 283.627102,
      "mark": 290.795,
      "market_value": 5113.08
    },
    "ICLN": {
      "qty": 0.000169,
      "avg_cost": 17.49748,
      "mark": 17.775,
      "market_value": 0.0
    },
    "JPM": {
      "qty": 3.264725,
      "avg_cost": 313.423735,
      "mark": 316.05,
      "market_value": 1031.82
    },
    "MDB": {
      "qty": 2.021577,
      "avg_cost": 374.60423,
      "mark": 374.66,
      "market_value": 757.4
    },
    "XOP": {
      "qty": 5.38411,
      "avg_cost": 134.7346,
      "mark": 134.23,
      "market_value": 722.71
    }
  }
}