{
  "as_of_utc": "2025-11-10T20:47:00.410702+00:00",
  "portfolio_id": "portfolio_paper_aggressive_trades",
  "cash": 778.92,
  "market_value": 19491.03,
  "equity": 20269.95,
  "holdings": {
    "AAPL": {
      "qty": 6.433437,
      "avg_cost": 270.11985,
      "mark": 268.83,
      "market_value": 1729.5
    },
    "AMZN": {
      "qty": 4.1137,
      "avg_cost": 243.20296,
      "mark": 248.78,
      "market_value": 1023.41
    },
    "DDOG": {
      "qty": 8.877675,
      "avg_cost": 193.296866,
      "mark": 200.07,
      "market_value": 1776.16
    },
    "DE": {
      "qty": 6.3135,
      "avg_cost": 475.53506,
      "mark": 475.96,
      "market_value": 3004.97
    },
    "DOCN": {
      "qty": 20.33965,
      "avg_cost": 48.388363,
      "mark": 51.89,
      "market_value": 1055.42
    },
    "FSLR": {
      "qty": 14.6956,
      "avg_cost": 272.38211,
      "mark": 272.22,
      "market_value": 4000.44
    },
    "GOOGL": {
      "qty": 17.5831,
      "avg_cost": 283.627102,
      "mark": 290.205,
      "market_value": 5102.7
    },
    "ICLN": {
      "qty": 0.000225,
      "avg_cost": 17.49748,
      "mark": 18.03,
      "market_value": 0.0
    },
    "JPM": {
      "qty": 3.264725,
      "avg_cost": 313.423735,
      "mark": 317.32,
      "market_value": 1035.96
    },
    "MDB": {
      "qty": 2.021577,
      "avg_cost": 374.60423,
      "mark": 377.16,
      "market_value": 762.46
    }
  }
}