{
  "as_of_utc": "2025-11-12T18:38:21.193738+00:00",
  "portfolio_id": "portfolio_paper_aggressive_trades",
  "cash": 363.17,
  "market_value": 19654.49,
  "equity": 20017.66,
  "holdings": {
    "AAPL": {
      "qty": 3.815339,
      "avg_cost": 270.11985,
      "mark": 274.93,
      "market_value": 1048.95
    },
    "AMZN": {
      "qty": 4.1137,
      "avg_cost": 243.20296,
      "mark": 245.815,
      "market_value": 1011.21
    },
    "DDOG": {
      "qty": 8.877675,
      "avg_cost": 193.296866,
      "mark": 191.75,
      "market_value": 1702.29
    },
    "DE": {
      "qty": 6.3135,
      "avg_cost": 475.53506,
      "mark": 478.055,
      "market_value": 3018.2
    },
    "DOCN": {
      "qty": 15.254794,
      "avg_cost": 48.388371,
      "mark": 48.14,
      "market_value": 734.37
    },
    "EFA": {
      "qty": 8.775703,
      "avg_cost": 96.72663,
      "mark": 96.63,
      "market_value": 848.0
    },
    "FSLR": {
      "qty": 13.954495,
      "avg_cost": 272.38211,
      "mark": 268.63,
      "market_value": 3748.6
    },
    "GOOGL": {
      "qty": 17.5831,
      "avg_cost": 283.627102,
      "mark": 286.38,
      "market_value": 5035.45
    },
    "ICLN": {
      "qty": 0.000169,
      "avg_cost": 17.49748,
      "mark": 17.59,
      "market_value": 0.0
    },
    "JPM": {
      "qty": 3.264725,
      "avg_cost": 313.423735,
      "mark": 320.32,
      "market_value": 1045.76
    },
    "MDB": {
      "qty": 2.021577,
      "avg_cost": 374.60423,
      "mark": 370.05,
      "market_value": 748.08
    },
    "XOP": {
      "qty": 5.38411,
      "avg_cost": 134.7346,
      "mark": 132.535,
      "market_value": 713.58
    }
  }
}