{
  "as_of_utc": "2025-11-07T01:05:12.470374+00:00",
  "portfolio_id": "portfolio_paper_aggressive_trades",
  "cash": 7990.38,
  "market_value": 11997.62,
  "equity": 19988.0,
  "holdings": {
    "AAPL": {
      "qty": 11.1151,
      "avg_cost": 270.11985,
      "mark": 269.85,
      "market_value": 2999.41
    },
    "AMZN": {
      "qty": 0.0003,
      "avg_cost": 243.20296,
      "mark": 242.96,
      "market_value": 0.07
    },
    "DE": {
      "qty": 6.3135,
      "avg_cost": 475.53506,
      "mark": 475.06,
      "market_value": 2999.29
    },
    "FSLR": {
      "qty": 11.0228,
      "avg_cost": 272.38211,
      "mark": 272.11,
      "market_value": 2999.41
    },
    "GOOGL": {
      "qty": 10.5321,
      "avg_cost": 285.07479,
      "mark": 284.79,
      "market_value": 2999.44
    }
  }
}