{
  "as_of_utc": "2025-11-10T19:43:15.777549+00:00",
  "portfolio_id": "portfolio_paper_aggressive_trades",
  "cash": 202.99,
  "market_value": 20107.66,
  "equity": 20310.65,
  "holdings": {
    "AAPL": {
      "qty": 8.577916,
      "avg_cost": 270.11985,
      "mark": 269.67,
      "market_value": 2313.21
    },
    "AMZN": {
      "qty": 4.1137,
      "avg_cost": 243.20296,
      "mark": 248.53,
      "market_value": 1022.38
    },
    "DDOG": {
      "qty": 8.877675,
      "avg_cost": 193.296866,
      "mark": 201.02,
      "market_value": 1784.59
    },
    "DE": {
      "qty": 6.3135,
      "avg_cost": 475.53506,
      "mark": 474.345,
      "market_value": 2994.78
    },
    "DOCN": {
      "qty": 20.33965,
      "avg_cost": 48.388363,
      "mark": 51.415,
      "market_value": 1045.76
    },
    "FSLR": {
      "qty": 14.6956,
      "avg_cost": 272.38211,
      "mark": 275.51,
      "market_value": 4048.78
    },
    "GOOGL": {
      "qty": 17.5831,
      "avg_cost": 283.627102,
      "mark": 290.2,
      "market_value": 5102.62
    },
    "ICLN": {
      "qty": 0.0003,
      "avg_cost": 17.49748,
      "mark": 18.055,
      "market_value": 0.01
    },
    "JPM": {
      "qty": 3.264725,
      "avg_cost": 313.423735,
      "mark": 317.63,
      "market_value": 1036.97
    },
    "MDB": {
      "qty": 2.021577,
      "avg_cost": 374.60423,
      "mark": 375.235,
      "market_value": 758.57
    }
  }
}