{
  "as_of_utc": "2025-11-10T20:47:00.410702+00:00",
  "portfolio_id": "portfolio_paper_reasonable",
  "cash": 685.26,
  "market_value": 19727.21,
  "equity": 20412.47,
  "holdings": {
    "AAPL": {
      "qty": 2.81551,
      "avg_cost": 270.11985,
      "mark": 268.83,
      "market_value": 756.89
    },
    "AMZN": {
      "qty": 9.8759,
      "avg_cost": 243.20296,
      "mark": 248.78,
      "market_value": 2456.93
    },
    "BE": {
      "qty": 1.792778,
      "avg_cost": 139.424285,
      "mark": 140.92,
      "market_value": 252.64
    },
    "CMI": {
      "qty": 2.485,
      "avg_cost": 477.922445,
      "mark": 483.83,
      "market_value": 1202.32
    },
    "DDOG": {
      "qty": 9.511498,
      "avg_cost": 192.406915,
      "mark": 200.07,
      "market_value": 1902.97
    },
    "DE": {
      "qty": 5.0508,
      "avg_cost": 475.53506,
      "mark": 475.96,
      "market_value": 2403.98
    },
    "DOCN": {
      "qty": 36.8122,
      "avg_cost": 48.38834,
      "mark": 51.89,
      "market_value": 1910.19
    },
    "FSLR": {
      "qty": 8.818,
      "avg_cost": 272.38211,
      "mark": 272.22,
      "market_value": 2400.44
    },
    "GOOGL": {
      "qty": 14.8355,
      "avg_cost": 281.969364,
      "mark": 290.205,
      "market_value": 4305.34
    },
    "JPM": {
      "qty": 6.332325,
      "avg_cost": 313.501029,
      "mark": 317.32,
      "market_value": 2009.37
    },
    "SNAP": {
      "qty": 5.6e-05,
      "avg_cost": 8.213205,
      "mark": 8.665,
      "market_value": 0.0
    },
    "XLE": {
      "qty": 1.395993,
      "avg_cost": 90.46037,
      "mark": 90.37,
      "market_value": 126.16
    }
  }
}