{
  "as_of_utc": "2025-11-10T18:18:36.114344+00:00",
  "portfolio_id": "portfolio_paper_reasonable",
  "cash": 719.02,
  "market_value": 19687.04,
  "equity": 20406.06,
  "holdings": {
    "AAPL": {
      "qty": 5.546143,
      "avg_cost": 270.11985,
      "mark": 270.13,
      "market_value": 1498.18
    },
    "AMZN": {
      "qty": 9.8759,
      "avg_cost": 243.20296,
      "mark": 248.4,
      "market_value": 2453.17
    },
    "BE": {
      "qty": 1.792778,
      "avg_cost": 139.424285,
      "mark": 139.285,
      "market_value": 249.71
    },
    "CMI": {
      "qty": 2.485,
      "avg_cost": 477.922445,
      "mark": 481.67,
      "market_value": 1196.95
    },
    "DDOG": {
      "qty": 6.3239,
      "avg_cost": 187.79761,
      "mark": 199.53,
      "market_value": 1261.81
    },
    "DE": {
      "qty": 5.0508,
      "avg_cost": 475.53506,
      "mark": 473.46,
      "market_value": 2391.35
    },
    "DOCN": {
      "qty": 36.8122,
      "avg_cost": 48.38834,
      "mark": 51.63,
      "market_value": 1900.61
    },
    "FSLR": {
      "qty": 8.818,
      "avg_cost": 272.38211,
      "mark": 277.45,
      "market_value": 2446.55
    },
    "GOOGL": {
      "qty": 14.8355,
      "avg_cost": 281.969364,
      "mark": 288.29,
      "market_value": 4276.93
    },
    "JPM": {
      "qty": 6.332325,
      "avg_cost": 313.501029,
      "mark": 317.7,
      "market_value": 2011.78
    },
    "SNAP": {
      "qty": 7.5e-05,
      "avg_cost": 8.213205,
      "mark": 8.685,
      "market_value": 0.0
    }
  }
}