{
  "as_of_utc": "2025-11-17T14:45:54.995302+00:00",
  "portfolio_id": "portfolio_paper_reasonable",
  "cash": 19694.84,
  "market_value": 5265.94,
  "equity": 24960.78,
  "holdings": {
    "ABBV": {
      "qty": 1.682415,
      "avg_cost": 234.098865,
      "mark": 234.285,
      "market_value": 394.16
    },
    "AVGO": {
      "qty": 1.001664,
      "avg_cost": 348.53819,
      "mark": 348.19,
      "market_value": 348.77
    },
    "CIBR": {
      "qty": 4.939928,
      "avg_cost": 75.00493,
      "mark": 74.93,
      "market_value": 370.15
    },
    "DDOG": {
      "qty": 0.69732,
      "avg_cost": 185.92574,
      "mark": 183.755,
      "market_value": 128.14
    },
    "ESTC": {
      "qty": 5.212263,
      "avg_cost": 91.3913,
      "mark": 90.19,
      "market_value": 470.09
    },
    "ETSY": {
      "qty": 5.961401,
      "avg_cost": 57.67762,
      "mark": 57.62,
      "market_value": 343.5
    },
    "ILMN": {
      "qty": 0.382948,
      "avg_cost": 121.46134,
      "mark": 119.91,
      "market_value": 45.92
    },
    "LLY": {
      "qty": 0.514304,
      "avg_cost": 1021.775755,
      "mark": 1021.06,
      "market_value": 525.14
    },
    "LYFT": {
      "qty": 5.786884,
      "avg_cost": 23.29327,
      "mark": 22.82,
      "market_value": 132.06
    },
    "MMM": {
      "qty": 3.019299,
      "avg_cost": 170.195025,
      "mark": 167.36,
      "market_value": 505.31
    },
    "MSFT": {
      "qty": 0.664261,
      "avg_cost": 511.62111,
      "mark": 511.11,
      "market_value": 339.51
    },
    "PFE": {
      "qty": 18.871393,
      "avg_cost": 25.80578,
      "mark": 25.225,
      "market_value": 476.03
    },
    "UBER": {
      "qty": 3.81299,
      "avg_cost": 92.217125,
      "mark": 92.125,
      "market_value": 351.27
    },
    "XLE": {
      "qty": 3.830445,
      "avg_cost": 92.147055,
      "mark": 91.31,
      "market_value": 349.76
    },
    "XLV": {
      "qty": 3.19866,
      "avg_cost": 153.097945,
      "mark": 151.98,
      "market_value": 486.13
    },
    "XOP": {
      "qty": 3.5e-05,
      "avg_cost": 134.06393,
      "mark": 132.71,
      "market_value": 0.0
    }
  }
}