{
  "as_of_utc": "2025-11-11T17:41:17.016763+00:00",
  "portfolio_id": "portfolio_paper_reasonable",
  "cash": 354.48,
  "market_value": 19895.13,
  "equity": 20249.61,
  "holdings": {
    "AAPL": {
      "qty": 2.111632,
      "avg_cost": 270.11985,
      "mark": 273.21,
      "market_value": 576.92
    },
    "AMZN": {
      "qty": 9.8759,
      "avg_cost": 243.20296,
      "mark": 248.22,
      "market_value": 2451.4
    },
    "BE": {
      "qty": 1.344584,
      "avg_cost": 139.424285,
      "mark": 132.4,
      "market_value": 178.02
    },
    "CMI": {
      "qty": 2.485,
      "avg_cost": 477.922445,
      "mark": 482.64,
      "market_value": 1199.36
    },
    "DDOG": {
      "qty": 9.511498,
      "avg_cost": 192.406915,
      "mark": 197.14,
      "market_value": 1875.1
    },
    "DE": {
      "qty": 5.0508,
      "avg_cost": 475.53506,
      "mark": 477.46,
      "market_value": 2411.55
    },
    "DOCN": {
      "qty": 36.812275,
      "avg_cost": 48.388344,
      "mark": 50.48,
      "market_value": 1858.28
    },
    "FSLR": {
      "qty": 8.818,
      "avg_cost": 272.38211,
      "mark": 264.81,
      "market_value": 2335.09
    },
    "GOOGL": {
      "qty": 14.8355,
      "avg_cost": 281.969364,
      "mark": 289.32,
      "market_value": 4292.21
    },
    "JPM": {
      "qty": 6.332325,
      "avg_cost": 313.501029,
      "mark": 317.05,
      "market_value": 2007.66
    },
    "SNAP": {
      "qty": 5.6e-05,
      "avg_cost": 8.213205,
      "mark": 8.8,
      "market_value": 0.0
    },
    "XLE": {
      "qty": 1.395993,
      "avg_cost": 90.46037,
      "mark": 91.935,
      "market_value": 128.34
    },
    "XOP": {
      "qty": 4.315346,
      "avg_cost": 134.7346,
      "mark": 134.68,
      "market_value": 581.19
    }
  }
}