{
  "as_of_utc": "2025-11-10T19:43:15.777549+00:00",
  "portfolio_id": "portfolio_paper_reasonable",
  "cash": 559.5,
  "market_value": 19860.76,
  "equity": 20420.26,
  "holdings": {
    "AAPL": {
      "qty": 3.754014,
      "avg_cost": 270.11985,
      "mark": 269.67,
      "market_value": 1012.34
    },
    "AMZN": {
      "qty": 9.8759,
      "avg_cost": 243.20296,
      "mark": 248.53,
      "market_value": 2454.46
    },
    "BE": {
      "qty": 1.792778,
      "avg_cost": 139.424285,
      "mark": 139.16,
      "market_value": 249.48
    },
    "CMI": {
      "qty": 2.485,
      "avg_cost": 477.922445,
      "mark": 482.055,
      "market_value": 1197.91
    },
    "DDOG": {
      "qty": 9.511498,
      "avg_cost": 192.406915,
      "mark": 201.02,
      "market_value": 1912.0
    },
    "DE": {
      "qty": 5.0508,
      "avg_cost": 475.53506,
      "mark": 474.345,
      "market_value": 2395.82
    },
    "DOCN": {
      "qty": 36.8122,
      "avg_cost": 48.38834,
      "mark": 51.415,
      "market_value": 1892.7
    },
    "FSLR": {
      "qty": 8.818,
      "avg_cost": 272.38211,
      "mark": 275.51,
      "market_value": 2429.45
    },
    "GOOGL": {
      "qty": 14.8355,
      "avg_cost": 281.969364,
      "mark": 290.2,
      "market_value": 4305.26
    },
    "JPM": {
      "qty": 6.332325,
      "avg_cost": 313.501029,
      "mark": 317.63,
      "market_value": 2011.34
    },
    "SNAP": {
      "qty": 7.5e-05,
      "avg_cost": 8.213205,
      "mark": 8.62,
      "market_value": 0.0
    }
  }
}