{
  "as_of_utc": "2025-11-11T17:15:32.941800+00:00",
  "portfolio_id": "portfolio_paper_reasonable",
  "cash": 354.48,
  "market_value": 19884.6,
  "equity": 20239.08,
  "holdings": {
    "AAPL": {
      "qty": 2.111632,
      "avg_cost": 270.11985,
      "mark": 272.25,
      "market_value": 574.89
    },
    "AMZN": {
      "qty": 9.8759,
      "avg_cost": 243.20296,
      "mark": 247.85,
      "market_value": 2447.74
    },
    "BE": {
      "qty": 1.344584,
      "avg_cost": 139.424285,
      "mark": 132.24,
      "market_value": 177.81
    },
    "CMI": {
      "qty": 2.485,
      "avg_cost": 477.922445,
      "mark": 482.42,
      "market_value": 1198.81
    },
    "DDOG": {
      "qty": 9.511498,
      "avg_cost": 192.406915,
      "mark": 196.88,
      "market_value": 1872.62
    },
    "DE": {
      "qty": 5.0508,
      "avg_cost": 475.53506,
      "mark": 477.62,
      "market_value": 2412.36
    },
    "DOCN": {
      "qty": 36.812275,
      "avg_cost": 48.388344,
      "mark": 50.455,
      "market_value": 1857.36
    },
    "FSLR": {
      "qty": 8.818,
      "avg_cost": 272.38211,
      "mark": 265.42,
      "market_value": 2340.47
    },
    "GOOGL": {
      "qty": 14.8355,
      "avg_cost": 281.969364,
      "mark": 289.02,
      "market_value": 4287.76
    },
    "JPM": {
      "qty": 6.332325,
      "avg_cost": 313.501029,
      "mark": 316.755,
      "market_value": 2005.8
    },
    "SNAP": {
      "qty": 5.6e-05,
      "avg_cost": 8.213205,
      "mark": 8.81,
      "market_value": 0.0
    },
    "XLE": {
      "qty": 1.395993,
      "avg_cost": 90.46037,
      "mark": 91.78,
      "market_value": 128.12
    },
    "XOP": {
      "qty": 4.315346,
      "avg_cost": 134.7346,
      "mark": 134.6,
      "market_value": 580.85
    }
  }
}