{
  "as_of_utc": "2025-11-12T20:43:57.730396+00:00",
  "portfolio_id": "portfolio_paper_reasonable",
  "cash": 189.31,
  "market_value": 19866.2,
  "equity": 20055.51,
  "holdings": {
    "AAPL": {
      "qty": 1.162879,
      "avg_cost": 270.11985,
      "mark": 273.965,
      "market_value": 318.59
    },
    "AMZN": {
      "qty": 9.8759,
      "avg_cost": 243.20296,
      "mark": 244.96,
      "market_value": 2419.2
    },
    "BE": {
      "qty": 0.425435,
      "avg_cost": 139.424285,
      "mark": 126.39,
      "market_value": 53.77
    },
    "CMI": {
      "qty": 2.485,
      "avg_cost": 477.922445,
      "mark": 479.15,
      "market_value": 1190.69
    },
    "DDOG": {
      "qty": 9.511498,
      "avg_cost": 192.406915,
      "mark": 189.49,
      "market_value": 1802.33
    },
    "DE": {
      "qty": 5.0508,
      "avg_cost": 475.53506,
      "mark": 479.475,
      "market_value": 2421.73
    },
    "DIS": {
      "qty": 5.485231,
      "avg_cost": 114.60449,
      "mark": 116.97,
      "market_value": 641.61
    },
    "DOCN": {
      "qty": 27.609206,
      "avg_cost": 48.388344,
      "mark": 48.265,
      "market_value": 1332.56
    },
    "FSLR": {
      "qty": 6.6135,
      "avg_cost": 272.38211,
      "mark": 267.77,
      "market_value": 1770.9
    },
    "GOOGL": {
      "qty": 16.242147,
      "avg_cost": 282.75889,
      "mark": 286.895,
      "market_value": 4659.79
    },
    "ICLN": {
      "qty": 27.593463,
      "avg_cost": 17.67308,
      "mark": 17.66,
      "market_value": 487.3
    },
    "JPM": {
      "qty": 6.332325,
      "avg_cost": 313.501029,
      "mark": 320.55,
      "market_value": 2029.83
    },
    "SNAP": {
      "qty": 4.587034,
      "avg_cost": 9.029006,
      "mark": 9.02,
      "market_value": 41.38
    },
    "XLE": {
      "qty": 1.395993,
      "avg_cost": 90.46037,
      "mark": 90.32,
      "market_value": 126.09
    },
    "XOP": {
      "qty": 4.315346,
      "avg_cost": 134.7346,
      "mark": 132.19,
      "market_value": 570.45
    }
  }
}