{
  "as_of_utc": "2025-11-13T20:45:05.824330+00:00",
  "portfolio_id": "portfolio_paper_reasonable",
  "cash": 22507.57,
  "market_value": 2489.94,
  "equity": 24997.51,
  "holdings": {
    "ESTC": {
      "qty": 5.212263,
      "avg_cost": 91.3913,
      "mark": 91.3,
      "market_value": 475.88
    },
    "LLY": {
      "qty": 0.514304,
      "avg_cost": 1021.775755,
      "mark": 1020.755,
      "market_value": 524.98
    },
    "MMM": {
      "qty": 3.019299,
      "avg_cost": 170.195025,
      "mark": 170.025,
      "market_value": 513.36
    },
    "PFE": {
      "qty": 18.871393,
      "avg_cost": 25.80578,
      "mark": 25.78,
      "market_value": 486.5
    },
    "XLV": {
      "qty": 3.19866,
      "avg_cost": 153.097945,
      "mark": 152.945,
      "market_value": 489.22
    }
  }
}