{
  "as_of_utc": "2025-11-07T19:37:09.861235+00:00",
  "portfolio_id": "portfolio_paper_reasonable",
  "cash": 7990.7,
  "market_value": 11784.46,
  "equity": 19775.16,
  "holdings": {
    "AAPL": {
      "qty": 8.8919,
      "avg_cost": 270.11985,
      "mark": 267.61,
      "market_value": 2379.56
    },
    "AMZN": {
      "qty": 9.8759,
      "avg_cost": 243.20296,
      "mark": 241.775,
      "market_value": 2387.75
    },
    "DE": {
      "qty": 5.0508,
      "avg_cost": 475.53506,
      "mark": 465.405,
      "market_value": 2350.67
    },
    "FSLR": {
      "qty": 8.818,
      "avg_cost": 272.38211,
      "mark": 263.95,
      "market_value": 2327.51
    },
    "GOOGL": {
      "qty": 8.4254,
      "avg_cost": 285.07479,
      "mark": 277.61,
      "market_value": 2338.98
    }
  }
}