{
  "as_of_utc": "2025-11-10T16:55:13.322203+00:00",
  "portfolio_id": "portfolio_paper_reasonable",
  "cash": 470.08,
  "market_value": 19755.03,
  "equity": 20225.11,
  "holdings": {
    "AAPL": {
      "qty": 7.394857,
      "avg_cost": 270.11985,
      "mark": 269.05,
      "market_value": 1989.59
    },
    "AMZN": {
      "qty": 9.8759,
      "avg_cost": 243.20296,
      "mark": 246.3,
      "market_value": 2432.43
    },
    "CMI": {
      "qty": 2.485,
      "avg_cost": 477.922445,
      "mark": 480.82,
      "market_value": 1194.84
    },
    "DDOG": {
      "qty": 6.3239,
      "avg_cost": 187.79761,
      "mark": 198.21,
      "market_value": 1253.46
    },
    "DE": {
      "qty": 5.0508,
      "avg_cost": 475.53506,
      "mark": 469.92,
      "market_value": 2373.47
    },
    "DOCN": {
      "qty": 36.8122,
      "avg_cost": 48.38834,
      "mark": 51.43,
      "market_value": 1893.25
    },
    "FSLR": {
      "qty": 8.818,
      "avg_cost": 272.38211,
      "mark": 269.56,
      "market_value": 2376.98
    },
    "GOOGL": {
      "qty": 14.8355,
      "avg_cost": 281.969364,
      "mark": 285.92,
      "market_value": 4241.77
    },
    "JPM": {
      "qty": 6.332325,
      "avg_cost": 313.501029,
      "mark": 315.72,
      "market_value": 1999.24
    },
    "SNAP": {
      "qty": 0.0001,
      "avg_cost": 8.213205,
      "mark": 8.59,
      "market_value": 0.0
    }
  }
}