{
  "as_of_utc": "2025-11-07T19:52:09.096998+00:00",
  "portfolio_id": "portfolio_paper_reasonable",
  "cash": 2052.63,
  "market_value": 17716.6,
  "equity": 19769.23,
  "holdings": {
    "AAPL": {
      "qty": 8.8919,
      "avg_cost": 270.11985,
      "mark": 267.61,
      "market_value": 2379.56
    },
    "AMZN": {
      "qty": 9.8759,
      "avg_cost": 243.20296,
      "mark": 241.775,
      "market_value": 2387.75
    },
    "CMI": {
      "qty": 2.485,
      "avg_cost": 477.922445,
      "mark": 477.445,
      "market_value": 1186.45
    },
    "DDOG": {
      "qty": 6.3239,
      "avg_cost": 187.79761,
      "mark": 187.61,
      "market_value": 1186.43
    },
    "DE": {
      "qty": 5.0508,
      "avg_cost": 475.53506,
      "mark": 465.405,
      "market_value": 2350.67
    },
    "DOCN": {
      "qty": 24.5432,
      "avg_cost": 48.38834,
      "mark": 48.34,
      "market_value": 1186.42
    },
    "FSLR": {
      "qty": 8.818,
      "avg_cost": 272.38211,
      "mark": 263.95,
      "market_value": 2327.51
    },
    "GOOGL": {
      "qty": 12.6991,
      "avg_cost": 282.656047,
      "mark": 277.61,
      "market_value": 3525.4
    },
    "JPM": {
      "qty": 3.7897,
      "avg_cost": 313.378065,
      "mark": 313.065,
      "market_value": 1186.42
    }
  }
}