{
  "as_of_utc": "2025-11-14T20:43:54.538206+00:00",
  "portfolio_id": "portfolio_paper_reasonable",
  "cash": 21449.79,
  "market_value": 3530.69,
  "equity": 24980.48,
  "holdings": {
    "ABBV": {
      "qty": 1.682415,
      "avg_cost": 234.098865,
      "mark": 233.865,
      "market_value": 393.46
    },
    "DDOG": {
      "qty": 0.69732,
      "avg_cost": 185.92574,
      "mark": 185.74,
      "market_value": 129.52
    },
    "ESTC": {
      "qty": 5.212263,
      "avg_cost": 91.3913,
      "mark": 91.22,
      "market_value": 475.46
    },
    "ILMN": {
      "qty": 0.382948,
      "avg_cost": 121.46134,
      "mark": 121.34,
      "market_value": 46.47
    },
    "LLY": {
      "qty": 0.514304,
      "avg_cost": 1021.775755,
      "mark": 1029.73,
      "market_value": 529.59
    },
    "LYFT": {
      "qty": 5.786884,
      "avg_cost": 23.29327,
      "mark": 23.27,
      "market_value": 134.66
    },
    "MMM": {
      "qty": 3.019299,
      "avg_cost": 170.195025,
      "mark": 167.605,
      "market_value": 506.05
    },
    "PFE": {
      "qty": 18.871393,
      "avg_cost": 25.80578,
      "mark": 25.19,
      "market_value": 475.37
    },
    "XLE": {
      "qty": 3.830445,
      "avg_cost": 92.147055,
      "mark": 92.055,
      "market_value": 352.61
    },
    "XLV": {
      "qty": 3.19866,
      "avg_cost": 153.097945,
      "mark": 152.405,
      "market_value": 487.49
    },
    "XOP": {
      "qty": 3.5e-05,
      "avg_cost": 134.06393,
      "mark": 133.93,
      "market_value": 0.0
    }
  }
}