{
  "as_of_utc": "2025-11-17T18:23:44.111106+00:00",
  "portfolio_id": "portfolio_paper_reasonable",
  "cash": 19694.84,
  "market_value": 5241.96,
  "equity": 24936.8,
  "holdings": {
    "ABBV": {
      "qty": 1.682415,
      "avg_cost": 234.098865,
      "mark": 234.04,
      "market_value": 393.75
    },
    "AVGO": {
      "qty": 1.001664,
      "avg_cost": 348.53819,
      "mark": 344.47,
      "market_value": 345.04
    },
    "CIBR": {
      "qty": 4.939928,
      "avg_cost": 75.00493,
      "mark": 74.41,
      "market_value": 367.58
    },
    "DDOG": {
      "qty": 0.69732,
      "avg_cost": 185.92574,
      "mark": 182.07,
      "market_value": 126.96
    },
    "ESTC": {
      "qty": 5.212263,
      "avg_cost": 91.3913,
      "mark": 90.3,
      "market_value": 470.67
    },
    "ETSY": {
      "qty": 5.961401,
      "avg_cost": 57.67762,
      "mark": 54.965,
      "market_value": 327.67
    },
    "ILMN": {
      "qty": 0.382948,
      "avg_cost": 121.46134,
      "mark": 121.91,
      "market_value": 46.69
    },
    "LLY": {
      "qty": 0.514304,
      "avg_cost": 1021.775755,
      "mark": 1026.785,
      "market_value": 528.08
    },
    "LYFT": {
      "qty": 5.786884,
      "avg_cost": 23.29327,
      "mark": 21.97,
      "market_value": 127.14
    },
    "MMM": {
      "qty": 3.019299,
      "avg_cost": 170.195025,
      "mark": 166.84,
      "market_value": 503.74
    },
    "MSFT": {
      "qty": 0.664261,
      "avg_cost": 511.62111,
      "mark": 508.09,
      "market_value": 337.5
    },
    "PFE": {
      "qty": 18.871393,
      "avg_cost": 25.80578,
      "mark": 25.415,
      "market_value": 479.62
    },
    "UBER": {
      "qty": 3.81299,
      "avg_cost": 92.217125,
      "mark": 91.56,
      "market_value": 349.12
    },
    "XLE": {
      "qty": 3.830445,
      "avg_cost": 92.147055,
      "mark": 91.315,
      "market_value": 349.78
    },
    "XLV": {
      "qty": 3.19866,
      "avg_cost": 153.097945,
      "mark": 152.76,
      "market_value": 488.63
    },
    "XOP": {
      "qty": 3.5e-05,
      "avg_cost": 134.06393,
      "mark": 133.45,
      "market_value": 0.0
    }
  }
}