{
  "as_of_utc": "2025-11-11T20:43:24.887599+00:00",
  "portfolio_id": "portfolio_paper_reasonable",
  "cash": 128.29,
  "market_value": 20105.82,
  "equity": 20234.11,
  "holdings": {
    "AAPL": {
      "qty": 1.550505,
      "avg_cost": 270.11985,
      "mark": 275.29,
      "market_value": 426.84
    },
    "AMZN": {
      "qty": 9.8759,
      "avg_cost": 243.20296,
      "mark": 248.91,
      "market_value": 2458.21
    },
    "BE": {
      "qty": 0.756329,
      "avg_cost": 139.424285,
      "mark": 129.875,
      "market_value": 98.23
    },
    "CMI": {
      "qty": 2.485,
      "avg_cost": 477.922445,
      "mark": 474.14,
      "market_value": 1178.24
    },
    "DDOG": {
      "qty": 9.511498,
      "avg_cost": 192.406915,
      "mark": 197.62,
      "market_value": 1879.66
    },
    "DE": {
      "qty": 5.0508,
      "avg_cost": 475.53506,
      "mark": 477.755,
      "market_value": 2413.04
    },
    "DIS": {
      "qty": 5.485231,
      "avg_cost": 114.60449,
      "mark": 114.49,
      "market_value": 628.0
    },
    "DOCN": {
      "qty": 36.812275,
      "avg_cost": 48.388344,
      "mark": 50.02,
      "market_value": 1841.35
    },
    "FSLR": {
      "qty": 6.6135,
      "avg_cost": 272.38211,
      "mark": 264.72,
      "market_value": 1750.73
    },
    "GOOGL": {
      "qty": 16.242147,
      "avg_cost": 282.75889,
      "mark": 290.795,
      "market_value": 4723.14
    },
    "JPM": {
      "qty": 6.332325,
      "avg_cost": 313.501029,
      "mark": 316.05,
      "market_value": 2001.33
    },
    "SNAP": {
      "qty": 0.000131,
      "avg_cost": 8.531271,
      "mark": 8.85,
      "market_value": 0.0
    },
    "XLE": {
      "qty": 1.395993,
      "avg_cost": 90.46037,
      "mark": 91.55,
      "market_value": 127.8
    },
    "XOP": {
      "qty": 4.315346,
      "avg_cost": 134.7346,
      "mark": 134.23,
      "market_value": 579.25
    }
  }
}