{
  "as_of_utc": "2025-11-11T19:42:40.687715+00:00",
  "portfolio_id": "portfolio_paper_reasonable",
  "cash": 1124.53,
  "market_value": 19134.83,
  "equity": 20259.36,
  "holdings": {
    "AAPL": {
      "qty": 1.583724,
      "avg_cost": 270.11985,
      "mark": 275.26,
      "market_value": 435.94
    },
    "AMZN": {
      "qty": 9.8759,
      "avg_cost": 243.20296,
      "mark": 249.395,
      "market_value": 2463.0
    },
    "BE": {
      "qty": 1.008438,
      "avg_cost": 139.424285,
      "mark": 128.43,
      "market_value": 129.51
    },
    "CMI": {
      "qty": 2.485,
      "avg_cost": 477.922445,
      "mark": 477.66,
      "market_value": 1186.99
    },
    "DDOG": {
      "qty": 9.511498,
      "avg_cost": 192.406915,
      "mark": 197.12,
      "market_value": 1874.91
    },
    "DE": {
      "qty": 5.0508,
      "avg_cost": 475.53506,
      "mark": 479.8,
      "market_value": 2423.37
    },
    "DOCN": {
      "qty": 36.812275,
      "avg_cost": 48.388344,
      "mark": 50.32,
      "market_value": 1852.39
    },
    "FSLR": {
      "qty": 6.6135,
      "avg_cost": 272.38211,
      "mark": 264.16,
      "market_value": 1747.02
    },
    "GOOGL": {
      "qty": 14.8355,
      "avg_cost": 281.969364,
      "mark": 290.34,
      "market_value": 4307.34
    },
    "JPM": {
      "qty": 6.332325,
      "avg_cost": 313.501029,
      "mark": 316.77,
      "market_value": 2005.89
    },
    "SNAP": {
      "qty": 0.000131,
      "avg_cost": 8.531271,
      "mark": 8.76,
      "market_value": 0.0
    },
    "XLE": {
      "qty": 1.395993,
      "avg_cost": 90.46037,
      "mark": 91.85,
      "market_value": 128.22
    },
    "XOP": {
      "qty": 4.315346,
      "avg_cost": 134.7346,
      "mark": 134.46,
      "market_value": 580.24
    }
  }
}