{
  "as_of_utc": "2025-11-07T01:05:12.470374+00:00",
  "portfolio_id": "portfolio_paper_reasonable",
  "cash": 10992.35,
  "market_value": 8998.65,
  "equity": 19991.0,
  "holdings": {
    "AAPL": {
      "qty": 6.6694,
      "avg_cost": 270.11985,
      "mark": 269.85,
      "market_value": 1799.74
    },
    "AMZN": {
      "qty": 7.4075,
      "avg_cost": 243.20296,
      "mark": 242.96,
      "market_value": 1799.73
    },
    "DE": {
      "qty": 3.7884,
      "avg_cost": 475.53506,
      "mark": 475.06,
      "market_value": 1799.72
    },
    "FSLR": {
      "qty": 6.614,
      "avg_cost": 272.38211,
      "mark": 272.11,
      "market_value": 1799.74
    },
    "GOOGL": {
      "qty": 6.3195,
      "avg_cost": 285.07479,
      "mark": 284.79,
      "market_value": 1799.73
    }
  }
}