{
  "as_of_utc": "2025-11-12T19:44:37.203034+00:00",
  "portfolio_id": "portfolio_paper_reasonable",
  "cash": 148.15,
  "market_value": 19879.56,
  "equity": 20027.71,
  "holdings": {
    "AAPL": {
      "qty": 1.550505,
      "avg_cost": 270.11985,
      "mark": 274.415,
      "market_value": 425.48
    },
    "AMZN": {
      "qty": 9.8759,
      "avg_cost": 243.20296,
      "mark": 244.995,
      "market_value": 2419.55
    },
    "BE": {
      "qty": 0.567247,
      "avg_cost": 139.424285,
      "mark": 125.41,
      "market_value": 71.14
    },
    "CMI": {
      "qty": 2.485,
      "avg_cost": 477.922445,
      "mark": 478.72,
      "market_value": 1189.62
    },
    "DDOG": {
      "qty": 9.511498,
      "avg_cost": 192.406915,
      "mark": 189.8,
      "market_value": 1805.28
    },
    "DE": {
      "qty": 5.0508,
      "avg_cost": 475.53506,
      "mark": 479.7,
      "market_value": 2422.87
    },
    "DIS": {
      "qty": 5.485231,
      "avg_cost": 114.60449,
      "mark": 116.76,
      "market_value": 640.46
    },
    "DOCN": {
      "qty": 27.609206,
      "avg_cost": 48.388344,
      "mark": 47.605,
      "market_value": 1314.34
    },
    "FSLR": {
      "qty": 6.6135,
      "avg_cost": 272.38211,
      "mark": 267.845,
      "market_value": 1771.39
    },
    "GOOGL": {
      "qty": 16.242147,
      "avg_cost": 282.75889,
      "mark": 286.41,
      "market_value": 4651.91
    },
    "ICLN": {
      "qty": 25.250625,
      "avg_cost": 17.672655,
      "mark": 17.655,
      "market_value": 445.8
    },
    "JPM": {
      "qty": 6.332325,
      "avg_cost": 313.501029,
      "mark": 319.74,
      "market_value": 2024.7
    },
    "SNAP": {
      "qty": 0.000131,
      "avg_cost": 8.531271,
      "mark": 8.955,
      "market_value": 0.0
    },
    "XLE": {
      "qty": 1.395993,
      "avg_cost": 90.46037,
      "mark": 90.27,
      "market_value": 126.02
    },
    "XOP": {
      "qty": 4.315346,
      "avg_cost": 134.7346,
      "mark": 132.32,
      "market_value": 571.01
    }
  }
}