{
  "as_of_utc": "2025-11-07T23:01:45.680657+00:00",
  "portfolio_id": "portfolio_paper_reasonable",
  "cash": 271.62,
  "market_value": 19653.15,
  "equity": 19924.77,
  "holdings": {
    "AAPL": {
      "qty": 8.8919,
      "avg_cost": 270.11985,
      "mark": 268.47,
      "market_value": 2387.21
    },
    "AMZN": {
      "qty": 9.8759,
      "avg_cost": 243.20296,
      "mark": 244.42,
      "market_value": 2413.87
    },
    "CMI": {
      "qty": 2.485,
      "avg_cost": 477.922445,
      "mark": 473.345,
      "market_value": 1176.26
    },
    "DDOG": {
      "qty": 6.3239,
      "avg_cost": 187.79761,
      "mark": 191.21,
      "market_value": 1209.19
    },
    "DE": {
      "qty": 5.0508,
      "avg_cost": 475.53506,
      "mark": 467.495,
      "market_value": 2361.22
    },
    "DOCN": {
      "qty": 36.8122,
      "avg_cost": 48.38834,
      "mark": 49.495,
      "market_value": 1822.02
    },
    "FSLR": {
      "qty": 8.818,
      "avg_cost": 272.38211,
      "mark": 267.63,
      "market_value": 2359.96
    },
    "GOOGL": {
      "qty": 14.8355,
      "avg_cost": 281.969364,
      "mark": 278.865,
      "market_value": 4137.1
    },
    "JPM": {
      "qty": 5.6841,
      "avg_cost": 313.378065,
      "mark": 314.265,
      "market_value": 1786.31
    }
  }
}