{
  "as_of_utc": "2025-10-31T17:24:49.365982+00:00",
  "symbols": {
    "AAPL": {
      "TS": 0.467212,
      "NS": 0.250511
    },
    "ADBE": {
      "TS": -0.182419,
      "NS": 0.199962
    },
    "AI": {
      "TS": -0.127188,
      "NS": 0.193712
    },
    "AMD": {
      "TS": 0.362298,
      "NS": 0.442266
    },
    "AMZN": {
      "TS": 0.550954,
      "NS": 0.151972
    },
    "ARCC": {
      "TS": 0.060584,
      "NS": 0.198903
    },
    "ARKK": {
      "TS": -0.162345,
      "NS": 0.133475
    },
    "ASML": {
      "TS": -0.268177,
      "NS": 0.68439
    },
    "ASTS": {
      "TS": -0.318733,
      "NS": 0.501326
    },
    "AVGO": {
      "TS": 0.459563,
      "NS": 0.396152
    },
    "BBAI": {
      "TS": -0.113145,
      "NS": 0.353495
    },
    "BMBL": {
      "TS": -0.030314,
      "NS": 0.142949
    },
    "CELH": {
      "TS": -0.257546,
      "NS": 0.326845
    },
    "COIN": {
      "TS": -0.319684,
      "NS": 0.12828
    },
    "CRM": {
      "TS": 0.317076,
      "NS": 0.272374
    },
    "CRWD": {
      "TS": 0.532049,
      "NS": 0.454948
    },
    "DE": {
      "TS": 0.317139,
      "NS": 0.667254
    },
    "DIA": {
      "TS": 0.354917,
      "NS": 0.21517
    },
    "ENPH": {
      "TS": -0.420268,
      "NS": 0.459025
    },
    "FSLR": {
      "TS": 0.505344,
      "NS": 0.246273
    },
    "GOOGL": {
      "TS": 0.615149,
      "NS": 0.387598
    },
    "IONQ": {
      "TS": -0.377246,
      "NS": 0.274406
    },
    "IWM": {
      "TS": -0.215568,
      "NS": 0.093484
    },
    "META": {
      "TS": -0.601047,
      "NS": 0.331731
    },
    "MSFT": {
      "TS": 0.124253,
      "NS": 0.399764
    },
    "NET": {
      "TS": 0.58581,
      "NS": 0.057873
    },
    "NOW": {
      "TS": 0.211901,
      "NS": 0.288641
    },
    "NVCR": {
      "TS": -0.167734,
      "NS": 0.188946
    },
    "NVDA": {
      "TS": 0.539552,
      "NS": 0.411189
    },
    "OKTA": {
      "TS": 0.042868,
      "NS": 0.587583
    },
    "PANW": {
      "TS": 0.133586,
      "NS": 0.227435
    },
    "PATH": {
      "TS": -0.057428,
      "NS": 0.235231
    },
    "PLTR": {
      "TS": 0.513818,
      "NS": 0.381015
    },
    "QBTS": {
      "TS": -0.157168,
      "NS": 0.151255
    },
    "QQQ": {
      "TS": 0.480205,
      "NS": 0.100262
    },
    "QUBT": {
      "TS": -0.200453,
      "NS": 0.071244
    },
    "RBLX": {
      "TS": -0.545649,
      "NS": 0.23465
    },
    "RGTI": {
      "TS": -0.285085,
      "NS": 0.216439
    },
    "RKLB": {
      "TS": -0.310247,
      "NS": 0.663893
    },
    "SHOP": {
      "TS": 0.379358,
      "NS": 0.421143
    },
    "SMCI": {
      "TS": -0.195075,
      "NS": 0.779369
    },
    "SMH": {
      "TS": 0.422834,
      "NS": -0.165023
    },
    "SNAP": {
      "TS": -0.055928,
      "NS": 0.006928
    },
    "SNOW": {
      "TS": 0.529213,
      "NS": 0.393778
    },
    "SOFI": {
      "TS": 0.057,
      "NS": 0.280484
    },
    "SOUN": {
      "TS": -0.194662,
      "NS": 0.33879
    },
    "SPY": {
      "TS": 0.368459,
      "NS": 0.369285
    },
    "TSLA": {
      "TS": -0.332416,
      "NS": 0.553904
    },
    "TTWO": {
      "TS": -0.339147,
      "NS": 0.428698
    },
    "U": {
      "TS": 0.075269,
      "NS": 0.024145
    },
    "UPST": {
      "TS": -0.057071,
      "NS": 0.555212
    },
    "VOO": {
      "TS": 0.352406,
      "NS": 0.18473
    },
    "VTI": {
      "TS": 0.183062,
      "NS": 0.260335
    },
    "XBI": {
      "TS": 0.159216,
      "NS": 0.741289
    },
    "XLB": {
      "TS": -0.227793,
      "NS": -0.239234
    },
    "XLC": {
      "TS": -0.0941,
      "NS": 0.124384
    },
    "XLE": {
      "TS": 0.058085,
      "NS": -0.075638
    },
    "XLF": {
      "TS": -0.087116,
      "NS": 0.237166
    },
    "XLI": {
      "TS": 0.066015,
      "NS": 0.033017
    },
    "XLK": {
      "TS": 0.425373,
      "NS": -0.12719
    },
    "XLV": {
      "TS": -0.096119,
      "NS": 0.001752
    },
    "XLY": {
      "TS": 0.049179,
      "NS": 0.00249
    },
    "ZS": {
      "TS": 0.413586,
      "NS": 0.024869
    }
  }
}