{
  "as_of_utc": "2025-11-13T05:38:18.966986+00:00",
  "counts": {
    "symbols": 151
  },
  "TS": {
    "min": -0.7265867487442214,
    "p25": -0.5120242047172722,
    "p50": -0.3531409663500693,
    "p75": 0.5247170061283628,
    "p90": 0.615503282248315,
    "max": 0.7629462284856204,
    "mean": -0.08709825978131555
  },
  "NS": {
    "min": -0.529563952128741,
    "p25": 0.14668147880171695,
    "p50": 0.24732282956371696,
    "p75": 0.323948275153373,
    "p90": 0.381589513176161,
    "max": 0.5955833893318637,
    "mean": 0.23070794811093429
  },
  "CDS": {
    "min": -0.45587666585277753,
    "p25": -0.20866677305655357,
    "p50": -0.10465214232860715,
    "p75": 0.4114114518640321,
    "p90": 0.4775656914589137,
    "max": 0.5583423696202761,
    "mean": 0.0400242233755844
  }
}