{
  "as_of_utc": "2025-11-17T04:31:27.618975+00:00",
  "counts": {
    "symbols": 151
  },
  "TS": {
    "min": -0.7957868378343348,
    "p25": -0.5707828062362622,
    "p50": -0.4439413490606325,
    "p75": -0.15791003529865572,
    "p90": 0.5405283203717792,
    "max": 0.800385481198154,
    "mean": -0.27025734079975855
  },
  "NS": {
    "min": -0.2303579346105179,
    "p25": 0.11485251625037371,
    "p50": 0.20572542281685713,
    "p75": 0.2994244796111141,
    "p90": 0.36429799020351533,
    "max": 0.6426051501225618,
    "mean": 0.20130567917430903
  },
  "CDS": {
    "min": -0.44281405554774844,
    "p25": -0.2694463882718251,
    "p50": -0.1947760042319916,
    "p75": 0.020436293275831026,
    "p90": 0.39946871432695746,
    "max": 0.5670342195765865,
    "mean": -0.08163213281013151
  }
}