{
  "as_of_utc": "2025-11-07T00:32:05.137474+00:00",
  "counts": {
    "symbols": 65
  },
  "TS": {
    "min": -0.7533199499304969,
    "p25": -0.5912033241771771,
    "p50": -0.5179242035929635,
    "p75": -0.39155935674219644,
    "p90": 0.4550820444499991,
    "max": 0.6337186523472146,
    "mean": -0.3787832137537068
  },
  "NS": {
    "min": -0.2938334633039335,
    "p25": 0.06315634915895864,
    "p50": 0.1238370261123809,
    "p75": 0.25641153049495236,
    "p90": 0.30381922525563515,
    "max": 0.36399435576686184,
    "mean": 0.13248370228848871
  },
  "CDS": {
    "min": -0.4423655132022775,
    "p25": -0.3186951800000153,
    "p50": -0.2708505504406778,
    "p75": -0.13456387880362528,
    "p90": 0.3236545866485192,
    "max": 0.48953031033428795,
    "mean": -0.1742764473368286
  }
}