{
  "as_of_utc": "2025-11-05T07:15:27.721630+00:00",
  "counts": {
    "symbols": 65
  },
  "TS": {
    "min": -0.7172248666567946,
    "p25": -0.5572809103197033,
    "p50": -0.41034828363083775,
    "p75": 0.42248152132732164,
    "p90": 0.4851113847200006,
    "max": 0.6066309895881877,
    "mean": -0.14744943022207208
  },
  "NS": {
    "min": -0.11917782059057598,
    "p25": 0.0831248686774062,
    "p50": 0.18259735373913996,
    "p75": 0.30933252628286223,
    "p90": 0.39376548536354006,
    "max": 0.49404150663155677,
    "mean": 0.19491341634926476
  },
  "CDS": {
    "min": -0.4121427314900268,
    "p25": -0.27757736103237984,
    "p50": -0.163540071958825,
    "p75": 0.27069480830424225,
    "p90": 0.44048601136157456,
    "max": 0.5296880920021447,
    "mean": -0.01050429159353733
  }
}