{
  "as_of_utc": "2025-11-17T14:45:54.995302+00:00",
  "counts": {
    "symbols": 151
  },
  "TS": {
    "min": -0.6694458243996336,
    "p25": -0.2554556314049766,
    "p50": -0.08276940152267843,
    "p75": 0.18329474286209047,
    "p90": 0.4017641637690902,
    "max": 0.5452559628867181,
    "mean": -0.04293851007821526
  },
  "NS": {
    "min": -0.12300170088789743,
    "p25": 0.13467849562172157,
    "p50": 0.24215955387302654,
    "p75": 0.34226848561905143,
    "p90": 0.45225271432807906,
    "max": 0.6431949663634765,
    "mean": 0.24593731048999637
  },
  "CDS": {
    "min": -0.36987265169183997,
    "p25": -0.05928099174718186,
    "p50": 0.04901006903688042,
    "p75": 0.2159552726692275,
    "p90": 0.3428739725248028,
    "max": 0.4450871459053265,
    "mean": 0.0726118181490694
  }
}