{
  "as_of_utc": "2025-11-07T02:44:50.631073+00:00",
  "counts": {
    "symbols": 65
  },
  "TS": {
    "min": -0.7533199499304969,
    "p25": -0.5912033241771771,
    "p50": -0.5179242035929635,
    "p75": -0.39155935674219644,
    "p90": 0.4550820444499991,
    "max": 0.6337186523472146,
    "mean": -0.3787832137537068
  },
  "NS": {
    "min": -0.294222761360508,
    "p25": 0.06162162579664353,
    "p50": 0.11938984927171717,
    "p75": 0.2338974655037668,
    "p90": 0.31493669265655616,
    "max": 0.3539241310256093,
    "mean": 0.13238645792663964
  },
  "CDS": {
    "min": -0.46052309999127283,
    "p25": -0.3119168380444194,
    "p50": -0.27049041596100676,
    "p75": -0.14776814144814976,
    "p90": 0.33037214657404307,
    "max": 0.469894138760714,
    "mean": -0.1743153450815682
  }
}