{
  "as_of_utc": "2025-11-05T16:05:12.504935+00:00",
  "counts": {
    "symbols": 65
  },
  "TS": {
    "min": -0.7114531680573776,
    "p25": -0.5453943881241663,
    "p50": -0.44163051508361995,
    "p75": 0.3979359416283914,
    "p90": 0.4913062121472633,
    "max": 0.6435496377593569,
    "mean": -0.21642628855029797
  },
  "NS": {
    "min": -0.17790946556707074,
    "p25": 0.12718562247814993,
    "p50": 0.18204094332440934,
    "p75": 0.2657377884996042,
    "p90": 0.32431011729459047,
    "max": 0.4116969314498234,
    "mean": 0.18460718796774198
  },
  "CDS": {
    "min": -0.4310709686615346,
    "p25": -0.26182283872954865,
    "p50": -0.1961784951429732,
    "p75": 0.25195943242950825,
    "p90": 0.3917573618045199,
    "max": 0.5272639352350137,
    "mean": -0.056012897943081986
  }
}