{
  "as_of_utc": "2025-11-11T17:12:30.991418+00:00",
  "counts": {
    "symbols": 151
  },
  "TS": {
    "min": -0.7233468420470579,
    "p25": -0.5101543234979313,
    "p50": -0.33247234719330776,
    "p75": 0.4107034212863363,
    "p90": 0.5896999903563741,
    "max": 0.7259912726463816,
    "mean": -0.17147556656411375
  },
  "NS": {
    "min": -0.29239822938145266,
    "p25": 0.10893167546996653,
    "p50": 0.26340497499233295,
    "p75": 0.37616995129747993,
    "p90": 0.4706552445984425,
    "max": 0.7377478239666699,
    "mean": 0.23313661492848467
  },
  "CDS": {
    "min": -0.4581072587947456,
    "p25": -0.23341863688572173,
    "p50": -0.11693756686960816,
    "p75": 0.266487304009217,
    "p90": 0.4880554663159924,
    "max": 0.67295971550471,
    "mean": -0.00941616380660432
  }
}