{
  "as_of_utc": "2025-11-05T06:08:45.423679+00:00",
  "counts": {
    "symbols": 65
  },
  "TS": {
    "min": -0.7172248666567946,
    "p25": -0.5572809103197033,
    "p50": -0.41034828363083775,
    "p75": 0.42248152132732164,
    "p90": 0.4851113847200006,
    "max": 0.6066309895881877,
    "mean": -0.14744943022207208
  },
  "NS": {
    "min": -0.12512380260987074,
    "p25": 0.05532798127159716,
    "p50": 0.16145795592730652,
    "p75": 0.25981912820001274,
    "p90": 0.31051911540236943,
    "max": 0.5815307472292751,
    "mean": 0.15792202791726015
  },
  "CDS": {
    "min": -0.4340134895197019,
    "p25": -0.2844164314356222,
    "p50": -0.17804903467164546,
    "p75": 0.3060747436872588,
    "p90": 0.41473888801915976,
    "max": 0.48050340435898714,
    "mean": -0.02530084696633916
  }
}