{
  "as_of_utc": "2025-11-12T15:15:25.592853+00:00",
  "counts": {
    "symbols": 151
  },
  "TS": {
    "min": -0.7194048929378353,
    "p25": -0.49376964221539515,
    "p50": -0.34322517898720584,
    "p75": 0.5038120758943845,
    "p90": 0.6054126672862908,
    "max": 0.7356208034752667,
    "mean": -0.1283491045369597
  },
  "NS": {
    "min": -0.5221392783070532,
    "p25": 0.09780537364575802,
    "p50": 0.23878548733830923,
    "p75": 0.3461245756732145,
    "p90": 0.41993922171699544,
    "max": 0.6035252484550039,
    "mean": 0.21259774262367342
  },
  "CDS": {
    "min": -0.4721816558697046,
    "p25": -0.22227957885744676,
    "p50": -0.11162242692242356,
    "p75": 0.33057858393994966,
    "p90": 0.48239213757233623,
    "max": 0.543416873600133,
    "mean": 0.00802963432729356
  }
}