{
  "as_of_utc": "2025-11-11T11:12:25.294609+00:00",
  "counts": {
    "symbols": 151
  },
  "TS": {
    "min": -0.7233468420470579,
    "p25": -0.5101543234979313,
    "p50": -0.33247234719330776,
    "p75": 0.4107034212863363,
    "p90": 0.5896999903563741,
    "max": 0.7259912726463816,
    "mean": -0.17147556656411375
  },
  "NS": {
    "min": -0.2923982293814525,
    "p25": 0.1089316754699665,
    "p50": 0.2634049749923329,
    "p75": 0.37616995129748,
    "p90": 0.47065524459844266,
    "max": 0.7377478239666695,
    "mean": 0.23313661492848467
  },
  "CDS": {
    "min": -0.4581072587947456,
    "p25": -0.2334186368857218,
    "p50": -0.11693756686960816,
    "p75": 0.266487304009217,
    "p90": 0.4880554663159924,
    "max": 0.6729597155047098,
    "mean": -0.009416163806604323
  }
}