{
  "as_of_utc": "2025-11-13T20:45:05.824330+00:00",
  "counts": {
    "symbols": 151
  },
  "TS": {
    "min": -0.7411695083847137,
    "p25": -0.5634394311207536,
    "p50": -0.5055227982326398,
    "p75": 0.36931802514951073,
    "p90": 0.5264277765974222,
    "max": 0.7647387130344288,
    "mean": -0.22932104939158413
  },
  "NS": {
    "min": -0.39971603159159624,
    "p25": 0.12133691365267862,
    "p50": 0.22791975580137902,
    "p75": 0.32400155843004186,
    "p90": 0.4159670837048667,
    "max": 0.5748401937656695,
    "mean": 0.22725983354859267
  },
  "CDS": {
    "min": -0.4218609790262086,
    "p25": -0.26257995115147786,
    "p50": -0.17706444709721889,
    "p75": 0.2965780272401533,
    "p90": 0.4110326621808653,
    "max": 0.529456244652201,
    "mean": -0.0466886962155134
  }
}