{
  "as_of_utc": "2025-11-19T15:33:39.791927+00:00",
  "counts": {
    "symbols": 151
  },
  "TS": {
    "min": -0.635759671705293,
    "p25": -0.13009232578536842,
    "p50": 0.014319675318636278,
    "p75": 0.10225161251992407,
    "p90": 0.1951884599709286,
    "max": 0.4996725517432846,
    "mean": -0.008589359401503563
  },
  "NS": {
    "min": -0.3117374972519953,
    "p25": 0.20882829567263544,
    "p50": 0.2991298682045574,
    "p75": 0.3872154944533279,
    "p90": 0.4553441261044134,
    "max": 0.5650843060994423,
    "mean": 0.2869396889833687
  },
  "CDS": {
    "min": -0.2941584454059107,
    "p25": 0.028724847461906965,
    "p50": 0.11185149003626088,
    "p75": 0.19773424273328535,
    "p90": 0.24661152001913894,
    "max": 0.41424744357271637,
    "mean": 0.10962225995244534
  }
}