{
  "as_of_utc": "2025-11-07T18:20:47.174810+00:00",
  "counts": {
    "symbols": 98
  },
  "TS": {
    "min": -0.7410272457118703,
    "p25": -0.6060932083029307,
    "p50": -0.5383121485738789,
    "p75": -0.3038445289038802,
    "p90": 0.49789063747163753,
    "max": 0.6663659616329206,
    "mean": -0.3057017939996218
  },
  "NS": {
    "min": -0.06707840329613252,
    "p25": 0.09419966019808315,
    "p50": 0.204921533415734,
    "p75": 0.30388383913008515,
    "p90": 0.3708512351711417,
    "max": 0.5857820974916266,
    "mean": 0.19886028658229604
  },
  "CDS": {
    "min": -0.4359678746532979,
    "p25": -0.3044551336001954,
    "p50": -0.22710528153658882,
    "p75": -0.0027059569624047763,
    "p90": 0.4120509424871609,
    "max": 0.511337739315648,
    "mean": -0.10387696176685464
  }
}