{
  "as_of_utc": "2025-11-13T16:53:19.182301+00:00",
  "counts": {
    "symbols": 151
  },
  "TS": {
    "min": -0.7358985316178127,
    "p25": -0.5538969712479289,
    "p50": -0.4904374998589194,
    "p75": 0.42841800767498245,
    "p90": 0.5496844639968307,
    "max": 0.7733529472106249,
    "mean": -0.19937567125661287
  },
  "NS": {
    "min": -0.4331977332760934,
    "p25": 0.14464968794824226,
    "p50": 0.27585311884696373,
    "p75": 0.3690328802376389,
    "p90": 0.42757970423966424,
    "max": 0.585158638754567,
    "mean": 0.2495226677951522
  },
  "CDS": {
    "min": -0.4375025907775196,
    "p25": -0.25037570159918254,
    "p50": -0.16694831094726803,
    "p75": 0.32944100651140945,
    "p90": 0.4481951795050026,
    "max": 0.630972638217234,
    "mean": -0.019816335635906845
  }
}