{
  "as_of_utc": "2025-11-05T06:26:23.604011+00:00",
  "counts": {
    "symbols": 65
  },
  "TS": {
    "min": -0.7172248666567946,
    "p25": -0.5572809103197033,
    "p50": -0.41034828363083775,
    "p75": 0.42248152132732164,
    "p90": 0.4851113847200006,
    "max": 0.6066309895881877,
    "mean": -0.14744943022207208
  },
  "NS": {
    "min": -0.08026594606491026,
    "p25": 0.10737665038510195,
    "p50": 0.19514010582685612,
    "p75": 0.3058478577278271,
    "p90": 0.37540259272513865,
    "max": 0.4504152686501908,
    "mean": 0.19440974728375687
  },
  "CDS": {
    "min": -0.4127778067785298,
    "p25": -0.27610537971021504,
    "p50": -0.18129582315165538,
    "p75": 0.27201831368408735,
    "p90": 0.43866129307404533,
    "max": 0.5299970821902595,
    "mean": -0.01070575921974048
  }
}