{
  "as_of_utc": "2025-11-10T15:15:12.906754+00:00",
  "counts": {
    "symbols": 148
  },
  "TS": {
    "min": -0.737890651914024,
    "p25": -0.5586605847509984,
    "p50": -0.49397475723418643,
    "p75": -0.21040910042929645,
    "p90": 0.5377810317487173,
    "max": 0.6977027428334699,
    "mean": -0.25841652702331835
  },
  "NS": {
    "min": -0.5339534768161182,
    "p25": 0.06000538902102697,
    "p50": 0.14656999344012522,
    "p75": 0.24190296528648825,
    "p90": 0.34090612819604915,
    "max": 0.5345717452757508,
    "mean": 0.14610882533777442
  },
  "CDS": {
    "min": -0.4907563890337926,
    "p25": -0.287301444270821,
    "p50": -0.21750156509047547,
    "p75": 0.016684939427027902,
    "p90": 0.41390302944670376,
    "max": 0.5022709914588701,
    "mean": -0.09660638607888124
  }
}