{
  "as_of_utc": "2025-11-12T17:14:24.731561+00:00",
  "counts": {
    "symbols": 151
  },
  "TS": {
    "min": -0.7194048929378353,
    "p25": -0.49376964221539515,
    "p50": -0.34322517898720584,
    "p75": 0.5038120758943845,
    "p90": 0.6054126672862908,
    "max": 0.7356208034752667,
    "mean": -0.1283491045369597
  },
  "NS": {
    "min": -0.522139278307053,
    "p25": 0.09780537364575803,
    "p50": 0.2387854873383091,
    "p75": 0.34612457567321464,
    "p90": 0.4199392217169953,
    "max": 0.6035252484550035,
    "mean": 0.21259774262367342
  },
  "CDS": {
    "min": -0.4721816558697047,
    "p25": -0.22227957885744679,
    "p50": -0.11162242692242363,
    "p75": 0.33057858393994966,
    "p90": 0.4823921375723361,
    "max": 0.543416873600133,
    "mean": 0.00802963432729356
  }
}