{
  "as_of_utc": "2025-11-05T16:31:55.249771+00:00",
  "counts": {
    "symbols": 65
  },
  "TS": {
    "min": -0.7079257034582245,
    "p25": -0.5485673430524494,
    "p50": -0.4445394448083808,
    "p75": 0.42636796153728307,
    "p90": 0.4678070657371027,
    "max": 0.6381239558266535,
    "mean": -0.20206433588027525
  },
  "NS": {
    "min": -0.17418949179582394,
    "p25": 0.11326653553568793,
    "p50": 0.16986200250425393,
    "p75": 0.27436667713202256,
    "p90": 0.3508478167745528,
    "max": 0.4449217697156469,
    "mean": 0.18575462864606812
  },
  "CDS": {
    "min": -0.432015080700672,
    "p25": -0.2711733901265075,
    "p50": -0.17072620881003076,
    "p75": 0.28170649005089454,
    "p90": 0.39431451305414317,
    "max": 0.5239401419799823,
    "mean": -0.04693675006973788
  }
}