{
  "as_of_utc": "2025-11-10T08:19:59.883989+00:00",
  "counts": {
    "symbols": 148
  },
  "TS": {
    "min": -0.737890651914024,
    "p25": -0.5586605847509984,
    "p50": -0.49397475723418643,
    "p75": -0.21040910042929645,
    "p90": 0.5377810317487173,
    "max": 0.6977027428334699,
    "mean": -0.25841652702331835
  },
  "NS": {
    "min": -0.5339534768161184,
    "p25": 0.060005389021026936,
    "p50": 0.14656999344012517,
    "p75": 0.2419029652864882,
    "p90": 0.34090612819604915,
    "max": 0.534571745275751,
    "mean": 0.14610882533777442
  },
  "CDS": {
    "min": -0.4907563890337927,
    "p25": -0.287301444270821,
    "p50": -0.21750156509047547,
    "p75": 0.016684939427027763,
    "p90": 0.4139030294467037,
    "max": 0.5022709914588702,
    "mean": -0.09660638607888124
  }
}