{
  "as_of_utc": "2025-11-05T11:13:59.240177+00:00",
  "counts": {
    "symbols": 65
  },
  "TS": {
    "min": -0.7172248666567946,
    "p25": -0.5572809103197033,
    "p50": -0.41034828363083775,
    "p75": 0.42248152132732164,
    "p90": 0.4851113847200006,
    "max": 0.6066309895881877,
    "mean": -0.14744943022207208
  },
  "NS": {
    "min": -0.12186794926963242,
    "p25": 0.09530261326086946,
    "p50": 0.209760248989719,
    "p75": 0.2871319087272107,
    "p90": 0.3609825946949694,
    "max": 0.43474847455026305,
    "mean": 0.19172898930987378
  },
  "CDS": {
    "min": -0.42633583575739203,
    "p25": -0.2542257566728049,
    "p50": -0.16358197079881265,
    "p75": 0.28179160698970596,
    "p90": 0.4246176582885851,
    "max": 0.513175191528473,
    "mean": -0.011778062409293705
  }
}