{
  "as_of_utc": "2025-11-05T15:15:49.484461+00:00",
  "counts": {
    "symbols": 65
  },
  "TS": {
    "min": -0.6985395385728973,
    "p25": -0.5590180226478138,
    "p50": -0.45505564273297483,
    "p75": 0.3198906113835337,
    "p90": 0.4826819318010215,
    "max": 0.630448157173982,
    "mean": -0.2336806297972665
  },
  "NS": {
    "min": -0.12258034760369355,
    "p25": 0.06977272871430958,
    "p50": 0.1662659676706155,
    "p75": 0.24750959368381323,
    "p90": 0.32866992108486737,
    "max": 0.4172373676282979,
    "mean": 0.1667604274993239
  },
  "CDS": {
    "min": -0.4385258358652519,
    "p25": -0.2728714758428651,
    "p50": -0.20622668918623624,
    "p75": 0.21238705058231036,
    "p90": 0.3958940745618391,
    "max": 0.5237494587169941,
    "mean": -0.07350420687863034
  }
}