{
  "as_of_utc": "2025-11-14T17:51:21.862775+00:00",
  "counts": {
    "symbols": 151
  },
  "TS": {
    "min": -0.7908321669605828,
    "p25": -0.5457009786530622,
    "p50": -0.40600443950660375,
    "p75": 0.2135524312087187,
    "p90": 0.5631696180750524,
    "max": 0.8093702426736068,
    "mean": -0.22055644334998137
  },
  "NS": {
    "min": -0.2189445057238121,
    "p25": 0.11052279841382415,
    "p50": 0.21381771097220922,
    "p75": 0.31550648130583225,
    "p90": 0.3768775195637854,
    "max": 0.7012023362546234,
    "mean": 0.21416297279262883
  },
  "CDS": {
    "min": -0.39519839296572357,
    "p25": -0.2439568361738919,
    "p50": -0.16489652471439797,
    "p75": 0.16274533875357572,
    "p90": 0.44763932209502816,
    "max": 0.556391087908,
    "mean": -0.04532518563726006
  }
}