{
  "as_of_utc": "2025-11-18T01:29:12.289036+00:00",
  "counts": {
    "symbols": 151
  },
  "TS": {
    "min": -0.6472202625034472,
    "p25": -0.015050446428727306,
    "p50": 0.08248650813866475,
    "p75": 0.1939395702726366,
    "p90": 0.32040389054910423,
    "max": 0.42645419538430895,
    "mean": 0.0894537193941618
  },
  "NS": {
    "min": -0.5000219701162023,
    "p25": 0.14528034951267582,
    "p50": 0.22789038819496626,
    "p75": 0.33484614662951684,
    "p90": 0.4178060740874312,
    "max": 0.5666840201044173,
    "mean": 0.22541860171447847
  },
  "CDS": {
    "min": -0.2656045645946056,
    "p25": 0.07327008930503641,
    "p50": 0.1426315877597388,
    "p75": 0.22579694110668458,
    "p90": 0.2898649592774849,
    "max": 0.39558918385083836,
    "mean": 0.14383967232228848
  }
}