{
  "as_of_utc": "2025-11-06T22:14:32.564831+00:00",
  "counts": {
    "symbols": 65
  },
  "TS": {
    "min": -0.7533199499304969,
    "p25": -0.5912033241771771,
    "p50": -0.5179242035929635,
    "p75": -0.39155935674219644,
    "p90": 0.4550820444499991,
    "max": 0.6337186523472146,
    "mean": -0.3787832137537068
  },
  "NS": {
    "min": -0.2941105420807684,
    "p25": 0.06945562595906256,
    "p50": 0.11969771053739614,
    "p75": 0.26166339593402727,
    "p90": 0.33542995502309125,
    "max": 0.4365546503898434,
    "mean": 0.14363713720969026
  },
  "CDS": {
    "min": -0.43866407093410564,
    "p25": -0.31318596701155954,
    "p50": -0.2635404055673077,
    "p75": -0.14297147851435035,
    "p90": 0.33503803576780333,
    "max": 0.48953357463861547,
    "mean": -0.16981507336834797
  }
}