{
  "as_of_utc": "2025-11-07T10:16:54.762484+00:00",
  "counts": {
    "symbols": 65
  },
  "TS": {
    "min": -0.7533199499304969,
    "p25": -0.5912033241771771,
    "p50": -0.5179242035929635,
    "p75": -0.39155935674219644,
    "p90": 0.4550820444499991,
    "max": 0.6337186523472146,
    "mean": -0.3787832137537068
  },
  "NS": {
    "min": -0.29421363795541533,
    "p25": 0.06427273066458328,
    "p50": 0.15026613281418538,
    "p75": 0.2825841869892919,
    "p90": 0.34134305934479053,
    "max": 0.5334791124925835,
    "mean": 0.16251695476125266
  },
  "CDS": {
    "min": -0.4534398265045515,
    "p25": -0.29479368563467406,
    "p50": -0.25217882376450934,
    "p75": -0.1250558766161741,
    "p90": 0.33198148658871984,
    "max": 0.5345717826130048,
    "mean": -0.16226314634772301
  }
}