{
  "as_of_utc": "2025-11-06T20:41:14.303322+00:00",
  "counts": {
    "symbols": 65
  },
  "TS": {
    "min": -0.7583301063941139,
    "p25": -0.5882708299099586,
    "p50": -0.49330108141923246,
    "p75": -0.34987887437405485,
    "p90": 0.49612825801232263,
    "max": 0.6383279032372274,
    "mean": -0.3197541604472132
  },
  "NS": {
    "min": -0.5669467914678732,
    "p25": 0.05903216625358187,
    "p50": 0.1308962215782466,
    "p75": 0.2716127214448526,
    "p90": 0.31391998301660745,
    "max": 0.3641039101382395,
    "mean": 0.13753919361145944
  },
  "CDS": {
    "min": -0.437940245259804,
    "p25": -0.3227619827711705,
    "p50": -0.2260736802860408,
    "p75": -0.1090890602585061,
    "p90": 0.38566436474179466,
    "max": 0.5193416672432924,
    "mean": -0.13683681882374416
  }
}