{
  "as_of_utc": "2025-11-07T22:22:10.428294+00:00",
  "counts": {
    "symbols": 146
  },
  "TS": {
    "min": -0.737890651914024,
    "p25": -0.5562315040136536,
    "p50": -0.49397475723418643,
    "p75": -0.22913648656043967,
    "p90": 0.5378744811221177,
    "max": 0.6977027428334699,
    "mean": -0.2606459743506948
  },
  "NS": {
    "min": -0.6156195352066458,
    "p25": 0.06480603835396362,
    "p50": 0.16762076136883858,
    "p75": 0.2703039805014853,
    "p90": 0.3515775724193231,
    "max": 0.4229504318095661,
    "mean": 0.1511208497248352
  },
  "CDS": {
    "min": -0.5003175107545303,
    "p25": -0.29386835623929314,
    "p50": -0.21639203602209434,
    "p75": -0.014132038889374011,
    "p90": 0.4230118311518871,
    "max": 0.5038481218689117,
    "mean": -0.09593924472048279
  }
}