{
  "as_of_utc": "2025-11-05T19:12:55.652336+00:00",
  "counts": {
    "symbols": 65
  },
  "TS": {
    "min": -0.711207389069585,
    "p25": -0.5307254500755973,
    "p50": -0.3611743261162449,
    "p75": 0.41514487861703464,
    "p90": 0.5120993423552884,
    "max": 0.6495478252948299,
    "mean": -0.17182545566974716
  },
  "NS": {
    "min": -0.019220737088111384,
    "p25": 0.07979873140194546,
    "p50": 0.1875702192643044,
    "p75": 0.2616920587326493,
    "p90": 0.32698077704106676,
    "max": 0.421084183002394,
    "mean": 0.17361748847361227
  },
  "CDS": {
    "min": -0.42618049974264627,
    "p25": -0.26857588678411304,
    "p50": -0.17595735132487828,
    "p75": 0.3177913105830308,
    "p90": 0.41193396056167164,
    "max": 0.5275942757935941,
    "mean": -0.033648278012403394
  }
}