{
  "as_of_utc": "2025-11-07T08:20:16.358539+00:00",
  "counts": {
    "symbols": 65
  },
  "TS": {
    "min": -0.7533199499304969,
    "p25": -0.5912033241771771,
    "p50": -0.5179242035929635,
    "p75": -0.39155935674219644,
    "p90": 0.4550820444499991,
    "max": 0.6337186523472146,
    "mean": -0.3787832137537068
  },
  "NS": {
    "min": -0.29421363795541533,
    "p25": 0.06427273066458324,
    "p50": 0.12401883074037419,
    "p75": 0.24099758295772303,
    "p90": 0.32242392495311534,
    "max": 0.3781165819344416,
    "mean": 0.13980498776446332
  },
  "CDS": {
    "min": -0.45343932775313933,
    "p25": -0.3008229746477309,
    "p50": -0.2630078222363967,
    "p75": -0.15284991022195415,
    "p90": 0.32929548265456826,
    "max": 0.467871124078281,
    "mean": -0.17134793314643873
  }
}