{
  "as_of_utc": "2025-11-07T22:51:31.531978+00:00",
  "counts": {
    "symbols": 146
  },
  "TS": {
    "min": -0.737890651914024,
    "p25": -0.5562315040136536,
    "p50": -0.49397475723418643,
    "p75": -0.22913648656043967,
    "p90": 0.5378744811221177,
    "max": 0.6977027428334699,
    "mean": -0.2606459743506948
  },
  "NS": {
    "min": -0.6093700260829851,
    "p25": 0.03908255720118824,
    "p50": 0.1680793022512293,
    "p75": 0.27087724047658285,
    "p90": 0.34878180898859823,
    "max": 0.4411338857686786,
    "mean": 0.14633132677580965
  },
  "CDS": {
    "min": -0.49569354673548727,
    "p25": -0.3011854644264319,
    "p50": -0.2154903338757188,
    "p75": -0.017417769977673817,
    "p90": 0.42166450659296706,
    "max": 0.49717695538470036,
    "mean": -0.09785505390009301
  }
}