{
  "as_of_utc": "2025-11-07T16:16:31.758694+00:00",
  "counts": {
    "symbols": 98
  },
  "TS": {
    "min": -0.7404147580393329,
    "p25": -0.6134448412951299,
    "p50": -0.549734580135711,
    "p75": -0.3386727080135393,
    "p90": 0.47773350403922654,
    "max": 0.6546849314236566,
    "mean": -0.3270022226967296
  },
  "NS": {
    "min": -0.08510369944743998,
    "p25": 0.10264422322812602,
    "p50": 0.19828391750571298,
    "p75": 0.32208185071348494,
    "p90": 0.382326465893819,
    "max": 0.5766048128411336,
    "mean": 0.20536427503633495
  },
  "CDS": {
    "min": -0.4541858392086306,
    "p25": -0.30902713316933866,
    "p50": -0.23854225551576505,
    "p75": -0.0076041478953073754,
    "p90": 0.4073325372541965,
    "max": 0.5032337500279916,
    "mean": -0.11405562360350377
  }
}