{
  "as_of_utc": "2025-11-06T13:28:54.255296+00:00",
  "counts": {
    "symbols": 65
  },
  "TS": {
    "min": -0.7123004735839368,
    "p25": -0.5303160103317452,
    "p50": -0.4321518641832054,
    "p75": 0.411911943086555,
    "p90": 0.48325611836821514,
    "max": 0.6411013919597989,
    "mean": -0.18900868532437679
  },
  "NS": {
    "min": -0.17734674125642194,
    "p25": 0.11279055684859955,
    "p50": 0.1998712906541095,
    "p75": 0.31068646915655745,
    "p90": 0.3753453936334785,
    "max": 0.4641576345334087,
    "mean": 0.20060963716056532
  },
  "CDS": {
    "min": -0.4042714680642231,
    "p25": -0.2557969503826034,
    "p50": -0.16074179134266237,
    "p75": 0.320297004105993,
    "p90": 0.41839385385862315,
    "max": 0.5166012618112823,
    "mean": -0.033161356330399926
  }
}