{
  "as_of_utc": "2025-11-14T19:04:04.681524+00:00",
  "counts": {
    "symbols": 151
  },
  "TS": {
    "min": -0.7931749777875569,
    "p25": -0.5653916534822777,
    "p50": -0.42279309962976447,
    "p75": 0.03824911862590662,
    "p90": 0.5596178893212163,
    "max": 0.8399495492557426,
    "mean": -0.23728985214372894
  },
  "NS": {
    "min": -0.3456963440833523,
    "p25": 0.0860377846895887,
    "p50": 0.2209843577098322,
    "p75": 0.316481310614484,
    "p90": 0.3807444524356341,
    "max": 0.6109197066512083,
    "mean": 0.20906014079718796
  },
  "CDS": {
    "min": -0.39359149034881913,
    "p25": -0.24998057920324473,
    "p50": -0.1775168052811784,
    "p75": 0.06167073979305034,
    "p90": 0.44477365816586467,
    "max": 0.5792633951944299,
    "mean": -0.05874985496736216
  }
}