{
  "as_of_utc": "2025-11-05T13:29:14.649965+00:00",
  "counts": {
    "symbols": 65
  },
  "TS": {
    "min": -0.7172248666567946,
    "p25": -0.5572809103197033,
    "p50": -0.41034828363083775,
    "p75": 0.42248152132732164,
    "p90": 0.4851113847200006,
    "max": 0.6066309895881877,
    "mean": -0.14744943022207208
  },
  "NS": {
    "min": -0.17847622283214945,
    "p25": 0.1015729618831337,
    "p50": 0.1754806847592486,
    "p75": 0.25512715628694327,
    "p90": 0.3227165644514227,
    "max": 0.39780440555575625,
    "mean": 0.17434758346271348
  },
  "CDS": {
    "min": -0.4015683382589652,
    "p25": -0.2732808375609465,
    "p50": -0.17168858834537043,
    "p75": 0.28382531965033925,
    "p90": 0.4176088529046344,
    "max": 0.5029051710299115,
    "mean": -0.018730624748157825
  }
}