{
  "as_of_utc": "2025-11-07T19:30:22.618363+00:00",
  "counts": {
    "symbols": 98
  },
  "TS": {
    "min": -0.737890651914024,
    "p25": -0.5992487028863039,
    "p50": -0.527009190488197,
    "p75": -0.30408982120636585,
    "p90": 0.5096115913583832,
    "max": 0.6719782991330253,
    "mean": -0.29174450463214935
  },
  "NS": {
    "min": -0.1319179926058333,
    "p25": 0.08604199404200455,
    "p50": 0.18147948520550522,
    "p75": 0.2879327557609829,
    "p90": 0.35510192854428807,
    "max": 0.5358726884927866,
    "mean": 0.1735627442200534
  },
  "CDS": {
    "min": -0.46764885186287974,
    "p25": -0.31006878472452226,
    "p50": -0.23114193236943764,
    "p75": -0.008922650959384902,
    "p90": 0.40383239162967677,
    "max": 0.46987793287642354,
    "mean": -0.10562160509126822
  }
}