{
  "as_of_utc": "2025-11-05T06:13:22.702533+00:00",
  "counts": {
    "symbols": 65
  },
  "TS": {
    "min": -0.7172248666567946,
    "p25": -0.5572809103197033,
    "p50": -0.41034828363083775,
    "p75": 0.42248152132732164,
    "p90": 0.4851113847200006,
    "max": 0.6066309895881877,
    "mean": -0.14744943022207208
  },
  "NS": {
    "min": -0.10271000202020392,
    "p25": 0.09337194246488993,
    "p50": 0.18215117743703466,
    "p75": 0.30578385174288664,
    "p90": 0.38438168348063184,
    "max": 0.4984173417657966,
    "mean": 0.19335543298976068
  },
  "CDS": {
    "min": -0.4127778067785298,
    "p25": -0.2729352655911238,
    "p50": -0.1812958231516554,
    "p75": 0.2731607853985298,
    "p90": 0.4398964804348813,
    "max": 0.5299879293283801,
    "mean": -0.011127484937338958
  }
}