{
  "as_of_utc": "2025-11-07T00:41:28.915262+00:00",
  "counts": {
    "symbols": 65
  },
  "TS": {
    "min": -0.7533199499304969,
    "p25": -0.5912033241771771,
    "p50": -0.5179242035929635,
    "p75": -0.39155935674219644,
    "p90": 0.4550820444499991,
    "max": 0.6337186523472146,
    "mean": -0.3787832137537068
  },
  "NS": {
    "min": -0.294222761360508,
    "p25": 0.06426495846277212,
    "p50": 0.12288835908777188,
    "p75": 0.25027763421492566,
    "p90": 0.31698418044847326,
    "max": 0.36399447980398864,
    "mean": 0.1348669507371634
  },
  "CDS": {
    "min": -0.4431563685290303,
    "p25": -0.3182654526940238,
    "p50": -0.2699739211255598,
    "p75": -0.15093061742198638,
    "p90": 0.32527622753905716,
    "max": 0.4824320422175994,
    "mean": -0.1733231479573587
  }
}