{
  "as_of_utc": "2025-11-06T03:10:45.218861+00:00",
  "counts": {
    "symbols": 65
  },
  "TS": {
    "min": -0.7123004735839368,
    "p25": -0.5303160103317452,
    "p50": -0.4321518641832054,
    "p75": 0.411911943086555,
    "p90": 0.48325611836821514,
    "max": 0.6411013919597989,
    "mean": -0.18900868532437679
  },
  "NS": {
    "min": -0.07579605516919455,
    "p25": 0.09951790025840494,
    "p50": 0.17910066512293807,
    "p75": 0.2576896600525224,
    "p90": 0.33092762528647285,
    "max": 0.5281917078417206,
    "mean": 0.1835981364717836
  },
  "CDS": {
    "min": -0.43652237218358375,
    "p25": -0.26172777164407685,
    "p50": -0.1807137735644468,
    "p75": 0.30580448622744044,
    "p90": 0.42521570653597673,
    "max": 0.5050007712752801,
    "mean": -0.039965956605912616
  }
}