{
  "as_of_utc": "2025-11-07T23:01:45.680657+00:00",
  "counts": {
    "symbols": 146
  },
  "TS": {
    "min": -0.737890651914024,
    "p25": -0.5562315040136536,
    "p50": -0.49397475723418643,
    "p75": -0.22913648656043967,
    "p90": 0.5378744811221177,
    "max": 0.6977027428334699,
    "mean": -0.2606459743506948
  },
  "NS": {
    "min": -0.6093700260829851,
    "p25": 0.03908255720118823,
    "p50": 0.1680793022512293,
    "p75": 0.27087724047658296,
    "p90": 0.34878180898859823,
    "max": 0.44113388576867857,
    "mean": 0.14633132677580968
  },
  "CDS": {
    "min": -0.49569354673548727,
    "p25": -0.30118546442643185,
    "p50": -0.21549033387571875,
    "p75": -0.017417769977673865,
    "p90": 0.42166450659296706,
    "max": 0.4971769553847004,
    "mean": -0.09785505390009301
  }
}