{
  "as_of_utc": "2025-11-11T18:18:50.185473+00:00",
  "counts": {
    "symbols": 151
  },
  "TS": {
    "min": -0.7210147565301562,
    "p25": -0.5123876074144362,
    "p50": -0.36210200178476315,
    "p75": 0.5027231597541839,
    "p90": 0.6014378553564216,
    "max": 0.7378251858724978,
    "mean": -0.1362735691331923
  },
  "NS": {
    "min": -0.5563077922944097,
    "p25": 0.1024378230568484,
    "p50": 0.210799117277106,
    "p75": 0.29243705368520234,
    "p90": 0.3588871774989952,
    "max": 0.769810172284612,
    "mean": 0.18836368329449285
  },
  "CDS": {
    "min": -0.48245362031181427,
    "p25": -0.23969941725092198,
    "p50": -0.1427626929357616,
    "p75": 0.3384377818644974,
    "p90": 0.47247250898507265,
    "max": 0.705814482255813,
    "mean": -0.006206761903744717
  }
}