{
  "as_of_utc": "2025-11-14T15:44:31.935004+00:00",
  "counts": {
    "symbols": 151
  },
  "TS": {
    "min": -0.7500286676873712,
    "p25": -0.5700820656974562,
    "p50": -0.5134427722589575,
    "p75": -0.3213352932498275,
    "p90": 0.4763591751943068,
    "max": 0.7592555774245499,
    "mean": -0.3085495751347545
  },
  "NS": {
    "min": -0.22435242786789314,
    "p25": 0.12892061003994526,
    "p50": 0.23285870156394406,
    "p75": 0.3313455395411019,
    "p90": 0.387218202926014,
    "max": 0.7185145370860373,
    "mean": 0.22639987915002482
  },
  "CDS": {
    "min": -0.4144722981448098,
    "p25": -0.266554081525163,
    "p50": -0.20104400053625196,
    "p75": -0.06477531924076665,
    "p90": 0.3771496242935897,
    "max": 0.4903123642817143,
    "mean": -0.09299141404370401
  }
}