{
  "as_of_utc": "2025-11-10T19:11:03.439298+00:00",
  "counts": {
    "symbols": 151
  },
  "TS": {
    "min": -0.7249164227077051,
    "p25": -0.5205329999898985,
    "p50": -0.34902276768539786,
    "p75": 0.36106864125394783,
    "p90": 0.5854725447873641,
    "max": 0.7290821644649554,
    "mean": -0.18618718535348663
  },
  "NS": {
    "min": -0.7407266544473694,
    "p25": 0.12454701383623978,
    "p50": 0.287875886225376,
    "p75": 0.39513187913914516,
    "p90": 0.48584605927212016,
    "max": 0.8583103959100518,
    "mean": 0.25204702413869196
  },
  "CDS": {
    "min": -0.4963174791763809,
    "p25": -0.23153735385315655,
    "p50": -0.11728786713623143,
    "p75": 0.2836801746835024,
    "p90": 0.479030778469706,
    "max": 0.5973693168871672,
    "mean": -0.009524319910639595
  }
}