{
  "as_of_utc": "2025-11-13T05:14:42.000162+00:00",
  "counts": {
    "symbols": 151
  },
  "TS": {
    "min": -0.7265867487442214,
    "p25": -0.5120242047172722,
    "p50": -0.3531409663500693,
    "p75": 0.5247170061283628,
    "p90": 0.615503282248315,
    "max": 0.7629462284856204,
    "mean": -0.08709825978131555
  },
  "NS": {
    "min": -0.5324439838139522,
    "p25": 0.15297973589889063,
    "p50": 0.2397638802811667,
    "p75": 0.32193001621459477,
    "p90": 0.3850082442750581,
    "max": 0.5988295353657215,
    "mean": 0.230300803776563
  },
  "CDS": {
    "min": -0.457028678526862,
    "p25": -0.2083952314136944,
    "p50": -0.11283877600936221,
    "p75": 0.40326639621125016,
    "p90": 0.47800060298274294,
    "max": 0.5593790367589853,
    "mean": 0.03986136564183588
  }
}