{
  "as_of_utc": "2025-11-18T01:28:15.526311+00:00",
  "counts": {
    "symbols": 151
  },
  "TS": {
    "min": -0.6472202625034472,
    "p25": -0.015050446428727306,
    "p50": 0.08248650813866475,
    "p75": 0.1939395702726366,
    "p90": 0.32040389054910423,
    "max": 0.42645419538430895,
    "mean": 0.0894537193941618
  },
  "NS": {
    "min": -0.5000219701162019,
    "p25": 0.1452803495126758,
    "p50": 0.2278903881949663,
    "p75": 0.33484614662951695,
    "p90": 0.4178060740874315,
    "max": 0.5666840201044172,
    "mean": 0.22541860171447847
  },
  "CDS": {
    "min": -0.2656045645946056,
    "p25": 0.07327008930503642,
    "p50": 0.1426315877597388,
    "p75": 0.22579694110668452,
    "p90": 0.2898649592774849,
    "max": 0.39558918385083836,
    "mean": 0.14383967232228848
  }
}