{
  "as_of_utc": "2025-11-06T11:14:02.185244+00:00",
  "counts": {
    "symbols": 65
  },
  "TS": {
    "min": -0.7123004735839368,
    "p25": -0.5303160103317452,
    "p50": -0.4321518641832054,
    "p75": 0.411911943086555,
    "p90": 0.48325611836821514,
    "max": 0.6411013919597989,
    "mean": -0.18900868532437679
  },
  "NS": {
    "min": -0.10620373313006472,
    "p25": 0.13358308876882294,
    "p50": 0.20633108219624666,
    "p75": 0.28779552150974713,
    "p90": 0.3651642644486698,
    "max": 0.40775191921181675,
    "mean": 0.1998833935020482
  },
  "CDS": {
    "min": -0.426658727681159,
    "p25": -0.24468746709281286,
    "p50": -0.1685482659854919,
    "p75": 0.3056045194932716,
    "p90": 0.4214549472619389,
    "max": 0.5168061957445009,
    "mean": -0.03345185379380678
  }
}