{
  "as_of_utc": "2025-11-12T20:15:12.073663+00:00",
  "counts": {
    "symbols": 151
  },
  "TS": {
    "min": -0.7183550808776491,
    "p25": -0.5148467111813607,
    "p50": -0.3649561030500751,
    "p75": 0.5255140382488432,
    "p90": 0.6130278507379144,
    "max": 0.763202426923402,
    "mean": -0.09231053494979675
  },
  "NS": {
    "min": -0.6471790340049327,
    "p25": 0.1426576145212118,
    "p50": 0.26181321384079226,
    "p75": 0.3474307147616983,
    "p90": 0.43287070008122625,
    "max": 0.7003586503135365,
    "mean": 0.2391364971668734
  },
  "CDS": {
    "min": -0.5023581545938216,
    "p25": -0.2113131907598056,
    "p50": -0.10496672418942882,
    "p75": 0.3971578575445234,
    "p90": 0.48224659189603913,
    "max": 0.6163424647595287,
    "mean": 0.04054647718678525
  }
}