{
  "as_of_utc": "2025-11-12T04:17:29.004029+00:00",
  "counts": {
    "symbols": 151
  },
  "TS": {
    "min": -0.7194048929378353,
    "p25": -0.49376964221539515,
    "p50": -0.34322517898720584,
    "p75": 0.5038120758943845,
    "p90": 0.6054126672862908,
    "max": 0.7356208034752667,
    "mean": -0.1283491045369597
  },
  "NS": {
    "min": -0.5221392783070529,
    "p25": 0.09780537364575796,
    "p50": 0.23878548733830923,
    "p75": 0.3461245756732144,
    "p90": 0.41993922171699594,
    "max": 0.6035252484550032,
    "mean": 0.21259774262367348
  },
  "CDS": {
    "min": -0.4721816558697047,
    "p25": -0.22227957885744676,
    "p50": -0.11162242692242354,
    "p75": 0.33057858393994966,
    "p90": 0.48239213757233607,
    "max": 0.543416873600133,
    "mean": 0.00802963432729357
  }
}