{
  "as_of_utc": "2025-11-10T10:15:59.613556+00:00",
  "counts": {
    "symbols": 148
  },
  "TS": {
    "min": -0.737890651914024,
    "p25": -0.5586605847509984,
    "p50": -0.49397475723418643,
    "p75": -0.21040910042929645,
    "p90": 0.5377810317487173,
    "max": 0.6977027428334699,
    "mean": -0.25841652702331835
  },
  "NS": {
    "min": -0.5339534768161184,
    "p25": 0.06000538902102695,
    "p50": 0.14656999344012528,
    "p75": 0.24190296528648822,
    "p90": 0.34090612819604904,
    "max": 0.5345717452757507,
    "mean": 0.14610882533777442
  },
  "CDS": {
    "min": -0.49075638903379265,
    "p25": -0.28730144427082105,
    "p50": -0.21750156509047547,
    "p75": 0.01668493942702779,
    "p90": 0.4139030294467037,
    "max": 0.5022709914588702,
    "mean": -0.09660638607888124
  }
}