{
  "as_of_utc": "2025-11-17T15:27:01.530333+00:00",
  "counts": {
    "symbols": 151
  },
  "TS": {
    "min": -0.6694458243996336,
    "p25": -0.2554556314049766,
    "p50": -0.08276940152267843,
    "p75": 0.18329474286209047,
    "p90": 0.4017641637690902,
    "max": 0.5452559628867181,
    "mean": -0.04293851007821526
  },
  "NS": {
    "min": -0.12300170088789736,
    "p25": 0.13467849562172154,
    "p50": 0.2421595538730267,
    "p75": 0.3422684856190514,
    "p90": 0.45225271432807934,
    "max": 0.6431949663634768,
    "mean": 0.2459373104899964
  },
  "CDS": {
    "min": -0.36987265169183997,
    "p25": -0.05928099174718189,
    "p50": 0.0490100690368805,
    "p75": 0.21595527266922754,
    "p90": 0.3428739725248029,
    "max": 0.4450871459053266,
    "mean": 0.0726118181490694
  }
}