{
  "as_of_utc": "2025-11-06T19:12:44.183748+00:00",
  "counts": {
    "symbols": 65
  },
  "TS": {
    "min": -0.7590179769782629,
    "p25": -0.5846933188530463,
    "p50": -0.500709550420249,
    "p75": -0.3638383449392544,
    "p90": 0.494348939995633,
    "max": 0.6461181539480976,
    "mean": -0.3390691564963415
  },
  "NS": {
    "min": -0.6030241928214165,
    "p25": 0.048606591463450484,
    "p50": 0.14201796887351562,
    "p75": 0.2517304368608645,
    "p90": 0.327744708187789,
    "max": 0.37270920025042176,
    "mean": 0.13943408810953953
  },
  "CDS": {
    "min": -0.43965771672662624,
    "p25": -0.3023171805044149,
    "p50": -0.2375794838497353,
    "p75": -0.10120415464606734,
    "p90": 0.37056793077491423,
    "max": 0.5153145593208731,
    "mean": -0.14766785865398913
  }
}