{
  "as_of_utc": "2025-11-07T09:15:27.265642+00:00",
  "counts": {
    "symbols": 65
  },
  "TS": {
    "min": -0.7533199499304969,
    "p25": -0.5912033241771771,
    "p50": -0.5179242035929635,
    "p75": -0.39155935674219644,
    "p90": 0.4550820444499991,
    "max": 0.6337186523472146,
    "mean": -0.3787832137537068
  },
  "NS": {
    "min": -0.29421363795541533,
    "p25": 0.06162162579664352,
    "p50": 0.153463438096907,
    "p75": 0.2857099732636523,
    "p90": 0.33774099838870375,
    "max": 0.48982605948218433,
    "mean": 0.15402738985678233
  },
  "CDS": {
    "min": -0.45343932775313933,
    "p25": -0.31279177971385197,
    "p50": -0.25191071584265007,
    "p75": -0.15371163856592107,
    "p90": 0.33582579706153903,
    "max": 0.5325008761951009,
    "mean": -0.16565897230951113
  }
}