{
  "as_of_utc": "2025-11-05T16:00:38.416511+00:00",
  "counts": {
    "symbols": 65
  },
  "TS": {
    "min": -0.7074061054723783,
    "p25": -0.5395522466537458,
    "p50": -0.43533506426588975,
    "p75": 0.3981002508390107,
    "p90": 0.489755090891296,
    "max": 0.6401183468592061,
    "mean": -0.2142472682027086
  },
  "NS": {
    "min": -0.20251160000619944,
    "p25": 0.06450096382475552,
    "p50": 0.13754709112026825,
    "p75": 0.23635312272427758,
    "p90": 0.3610181590986937,
    "max": 0.48987786675112044,
    "mean": 0.15615949256603667
  },
  "CDS": {
    "min": -0.4387935406414838,
    "p25": -0.2767878130222294,
    "p50": -0.1951550720498607,
    "p75": 0.2597418198948797,
    "p90": 0.42131506344542724,
    "max": 0.5429281711804002,
    "mean": -0.06608456389521047
  }
}