{
  "as_of_utc": "2025-11-17T04:43:45.803912+00:00",
  "counts": {
    "symbols": 151
  },
  "TS": {
    "min": -0.7957868378343348,
    "p25": -0.5707828062362622,
    "p50": -0.4439413490606325,
    "p75": -0.15791003529865572,
    "p90": 0.5405283203717792,
    "max": 0.800385481198154,
    "mean": -0.27025734079975855
  },
  "NS": {
    "min": -0.23035793461051796,
    "p25": 0.11485251625037363,
    "p50": 0.20572542281685705,
    "p75": 0.29942447961111407,
    "p90": 0.36429799020351555,
    "max": 0.6426051501225616,
    "mean": 0.201305679174309
  },
  "CDS": {
    "min": -0.44281405554774844,
    "p25": -0.2694463882718251,
    "p50": -0.19477600423199154,
    "p75": 0.020436293275831068,
    "p90": 0.3994687143269574,
    "max": 0.5670342195765863,
    "mean": -0.08163213281013151
  }
}