{
  "as_of_utc": "2025-11-05T09:16:45.963043+00:00",
  "counts": {
    "symbols": 65
  },
  "TS": {
    "min": -0.7172248666567946,
    "p25": -0.5572809103197033,
    "p50": -0.41034828363083775,
    "p75": 0.42248152132732164,
    "p90": 0.4851113847200006,
    "max": 0.6066309895881877,
    "mean": -0.14744943022207208
  },
  "NS": {
    "min": -0.11917782059057602,
    "p25": 0.0594740979156477,
    "p50": 0.20103759087121462,
    "p75": 0.2980624548603288,
    "p90": 0.3551070924401267,
    "max": 0.4495676816407686,
    "mean": 0.18373146573216625
  },
  "CDS": {
    "min": -0.42633583575739203,
    "p25": -0.2788883991244021,
    "p50": -0.17900062112528495,
    "p75": 0.28179360931079434,
    "p90": 0.43151222635712894,
    "max": 0.5293050278575312,
    "mean": -0.014977071840376725
  }
}