{
  "as_of_utc": "2025-11-07T20:16:44.271292+00:00",
  "counts": {
    "symbols": 98
  },
  "TS": {
    "min": -0.7336335826909991,
    "p25": -0.5782831321708712,
    "p50": -0.5042249881540896,
    "p75": 0.38875560589215563,
    "p90": 0.5479266567300519,
    "max": 0.6890415832551906,
    "mean": -0.24955785146494813
  },
  "NS": {
    "min": -0.130030982109112,
    "p25": 0.08716588394740048,
    "p50": 0.17958363674576033,
    "p75": 0.28325734162560623,
    "p90": 0.35207579869148126,
    "max": 0.514586633998167,
    "mean": 0.17348921682733615
  },
  "CDS": {
    "min": -0.4843179032820205,
    "p25": -0.2979001986411726,
    "p50": -0.21882041094982974,
    "p75": 0.2610857101920069,
    "p90": 0.4287634442678141,
    "max": 0.47531940312860016,
    "mean": -0.08033902414803443
  }
}