{
  "as_of_utc": "2025-11-07T21:13:19.184432+00:00",
  "counts": {
    "symbols": 146
  },
  "TS": {
    "min": -0.737890651914024,
    "p25": -0.5562315040136536,
    "p50": -0.49397475723418643,
    "p75": -0.22913648656043967,
    "p90": 0.5378744811221177,
    "max": 0.6977027428334699,
    "mean": -0.2606459743506948
  },
  "NS": {
    "min": -0.630549496457942,
    "p25": 0.06891432942469139,
    "p50": 0.17101082213933477,
    "p75": 0.28091510359753213,
    "p90": 0.35458996047875957,
    "max": 0.5165562693233734,
    "mean": 0.15160944015200167
  },
  "CDS": {
    "min": -0.50416533488547,
    "p25": -0.2853675069664113,
    "p50": -0.2149876611393978,
    "p75": 0.03217142950671139,
    "p90": 0.42772771783033114,
    "max": 0.512532016081973,
    "mean": -0.09574380854961621
  }
}