{
  "as_of_utc": "2025-11-06T21:13:55.906567+00:00",
  "counts": {
    "symbols": 65
  },
  "TS": {
    "min": -0.7533199499304969,
    "p25": -0.5912033241771771,
    "p50": -0.5179242035929635,
    "p75": -0.39155935674219644,
    "p90": 0.4550820444499991,
    "max": 0.6337186523472146,
    "mean": -0.3787832137537068
  },
  "NS": {
    "min": -0.6030699499019446,
    "p25": 0.07284727218111486,
    "p50": 0.13477300417578444,
    "p75": 0.2562655575789518,
    "p90": 0.3347629218407625,
    "max": 0.4365546503898435,
    "mean": 0.14243261472375726
  },
  "CDS": {
    "min": -0.43003081933891685,
    "p25": -0.31787540023825966,
    "p50": -0.260314549593988,
    "p75": -0.143638511696679,
    "p90": 0.3254845163969947,
    "max": 0.49438500480908,
    "mean": -0.17029688236272114
  }
}