{
  "as_of_utc": "2025-11-11T19:42:40.687715+00:00",
  "counts": {
    "symbols": 151
  },
  "TS": {
    "min": -0.7185856564055941,
    "p25": -0.5011922821266648,
    "p50": -0.3439488912238332,
    "p75": 0.5018614960183425,
    "p90": 0.6081072975350961,
    "max": 0.7336008533220592,
    "mean": -0.12690149256694983
  },
  "NS": {
    "min": -0.5333411538709023,
    "p25": 0.11610220099006556,
    "p50": 0.2284770199906573,
    "p75": 0.35466438239432974,
    "p90": 0.4190399689605176,
    "max": 0.5448278645449451,
    "mean": 0.21255814524180824
  },
  "CDS": {
    "min": -0.47730130952938643,
    "p25": -0.22894463667467438,
    "p50": -0.10461302921413188,
    "p75": 0.34600296553214993,
    "p90": 0.4779710454499253,
    "max": 0.5597797157925601,
    "mean": 0.00888236255655341
  }
}