{
  "as_of_utc": "2025-11-12T18:38:21.193738+00:00",
  "counts": {
    "symbols": 151
  },
  "TS": {
    "min": -0.7188393494646826,
    "p25": -0.5042301916648141,
    "p50": -0.35593257909621234,
    "p75": 0.5400484892507891,
    "p90": 0.6184166186554729,
    "max": 0.7648240941497176,
    "mean": -0.07697467723346485
  },
  "NS": {
    "min": -0.5996053843177569,
    "p25": 0.1370703823798426,
    "p50": 0.2587705202135233,
    "p75": 0.35816369020276606,
    "p90": 0.43611472446901295,
    "max": 0.6747098167834833,
    "mean": 0.23451484542211617
  },
  "CDS": {
    "min": -0.4833286947189513,
    "p25": -0.20958764214853517,
    "p50": -0.10303138863271644,
    "p75": 0.41671858380794025,
    "p90": 0.5044591647963347,
    "max": 0.6026125881463485,
    "mean": 0.04762113182876757
  }
}