{
  "as_of_utc": "2025-11-17T15:40:49.844902+00:00",
  "counts": {
    "symbols": 151
  },
  "TS": {
    "min": -0.6472202625034472,
    "p25": -0.2241509632427801,
    "p50": -0.13048014017243517,
    "p75": -0.006707958402557116,
    "p90": 0.12333356123303664,
    "max": 0.4840730896955054,
    "mean": -0.12189705327379045
  },
  "NS": {
    "min": -0.12216318013304664,
    "p25": 0.15293909118959814,
    "p50": 0.24125874246480106,
    "p75": 0.35089078692958586,
    "p90": 0.4513010372899374,
    "max": 0.6310486272870915,
    "mean": 0.25668324599160625
  },
  "CDS": {
    "min": -0.2822201604911193,
    "p25": -0.051820821124011957,
    "p50": 0.030675411228658116,
    "p75": 0.1027931858965454,
    "p90": 0.18748134127220595,
    "max": 0.46734438802813627,
    "mean": 0.029535066432368248
  }
}