{
  "as_of_utc": "2025-11-14T18:01:48.263797+00:00",
  "counts": {
    "symbols": 151
  },
  "TS": {
    "min": -0.7931749777875569,
    "p25": -0.5653916534822777,
    "p50": -0.42279309962976447,
    "p75": 0.03824911862590662,
    "p90": 0.5596178893212163,
    "max": 0.8399495492557426,
    "mean": -0.23728985214372894
  },
  "NS": {
    "min": -0.34569634408335237,
    "p25": 0.08603778468958871,
    "p50": 0.22098435770983224,
    "p75": 0.3164813106144839,
    "p90": 0.3807444524356338,
    "max": 0.6109197066512081,
    "mean": 0.20906014079718793
  },
  "CDS": {
    "min": -0.39359149034881913,
    "p25": -0.24998057920324473,
    "p50": -0.17751680528117836,
    "p75": 0.06167073979305033,
    "p90": 0.44477365816586467,
    "max": 0.5792633951944297,
    "mean": -0.058749854967362174
  }
}