{
  "as_of_utc": "2025-11-05T10:16:56.356559+00:00",
  "counts": {
    "symbols": 65
  },
  "TS": {
    "min": -0.7172248666567946,
    "p25": -0.5572809103197033,
    "p50": -0.41034828363083775,
    "p75": 0.42248152132732164,
    "p90": 0.4851113847200006,
    "max": 0.6066309895881877,
    "mean": -0.14744943022207208
  },
  "NS": {
    "min": -0.06866428206781716,
    "p25": 0.09474543565304541,
    "p50": 0.1998282358429632,
    "p75": 0.2812916873427277,
    "p90": 0.3637191779151217,
    "max": 0.42627166357228585,
    "mean": 0.18545230893060966
  },
  "CDS": {
    "min": -0.42633583575739203,
    "p25": -0.2784101312409365,
    "p50": -0.1603016851387586,
    "p75": 0.2870020422890155,
    "p90": 0.4201813152427617,
    "max": 0.5100887449409579,
    "mean": -0.014288734560999366
  }
}