{
  "as_of_utc": "2025-11-06T15:16:20.638959+00:00",
  "counts": {
    "symbols": 65
  },
  "TS": {
    "min": -0.7512714599751833,
    "p25": -0.5684676464195447,
    "p50": -0.49368439583215973,
    "p75": -0.364465354230049,
    "p90": 0.5198784813826584,
    "max": 0.6308094011907788,
    "mean": -0.29984155821892305
  },
  "NS": {
    "min": -0.1712202581531266,
    "p25": 0.12427320563345497,
    "p50": 0.17406119426778724,
    "p75": 0.2865685038340826,
    "p90": 0.3448343962061711,
    "max": 0.43506041843116416,
    "mean": 0.19393728462772175
  },
  "CDS": {
    "min": -0.3913105375460261,
    "p25": -0.26628518078986213,
    "p50": -0.20384727524713864,
    "p75": -0.10650282828707475,
    "p90": 0.3973663319554507,
    "max": 0.5133158624447101,
    "mean": -0.10233002108026512
  }
}