{
  "as_of_utc": "2025-11-07T19:13:57.335815+00:00",
  "counts": {
    "symbols": 98
  },
  "TS": {
    "min": -0.7387455037299974,
    "p25": -0.5971103581822755,
    "p50": -0.5326693343318105,
    "p75": -0.30576101790169713,
    "p90": 0.503526901661342,
    "max": 0.6690448880332329,
    "mean": -0.2955194441326948
  },
  "NS": {
    "min": -0.12286314368784755,
    "p25": 0.08409856284162412,
    "p50": 0.19394486315283704,
    "p75": 0.29693759807537456,
    "p90": 0.3633467467906802,
    "max": 0.6421952012789329,
    "mean": 0.18934687509620957
  },
  "CDS": {
    "min": -0.4495252446981023,
    "p25": -0.30980489460557603,
    "p50": -0.21769665366838775,
    "p75": 0.022610813856095265,
    "p90": 0.4121307677863739,
    "max": 0.514052288225605,
    "mean": -0.10157291644113303
  }
}