{
  "as_of_utc": "2025-11-05T06:21:45.986566+00:00",
  "counts": {
    "symbols": 65
  },
  "TS": {
    "min": -0.7172248666567946,
    "p25": -0.5572809103197033,
    "p50": -0.41034828363083775,
    "p75": 0.42248152132732164,
    "p90": 0.4851113847200006,
    "max": 0.6066309895881877,
    "mean": -0.14744943022207208
  },
  "NS": {
    "min": -0.06912729181940651,
    "p25": 0.07918759653877368,
    "p50": 0.19514010582685623,
    "p75": 0.30584785772782686,
    "p90": 0.3810157471476129,
    "max": 0.4504152686501906,
    "mean": 0.19392150965702815
  },
  "CDS": {
    "min": -0.4185844687319432,
    "p25": -0.2729352655911238,
    "p50": -0.18129582315165538,
    "p75": 0.2731607853985298,
    "p90": 0.43994400922223453,
    "max": 0.5299970821902595,
    "mean": -0.010901054270431977
  }
}