{
  "as_of_utc": "2025-11-14T19:51:31.118352+00:00",
  "counts": {
    "symbols": 151
  },
  "TS": {
    "min": -0.8375774734308152,
    "p25": -0.5666745167411364,
    "p50": -0.42173045116979696,
    "p75": -0.11538620098418012,
    "p90": 0.5374046311498114,
    "max": 0.8241324421898135,
    "mean": -0.24928784818934804
  },
  "NS": {
    "min": -0.20640906373304332,
    "p25": 0.12394373687756084,
    "p50": 0.227913967561813,
    "p75": 0.31160016356754083,
    "p90": 0.3651591933468493,
    "max": 0.7875172935302336,
    "mean": 0.21660282339362702
  },
  "CDS": {
    "min": -0.4241144845045654,
    "p25": -0.2504182602377425,
    "p50": -0.18606520563472156,
    "p75": 0.09306564668592614,
    "p90": 0.4312779785821297,
    "max": 0.573452278721835,
    "mean": -0.06134334310837339
  }
}