{
  "as_of_utc": "2025-11-10T21:12:31.666314+00:00",
  "counts": {
    "symbols": 151
  },
  "TS": {
    "min": -0.7233468420470579,
    "p25": -0.5101543234979313,
    "p50": -0.33247234719330776,
    "p75": 0.4107034212863363,
    "p90": 0.5896999903563741,
    "max": 0.7259912726463816,
    "mean": -0.17147556656411375
  },
  "NS": {
    "min": -0.2923982293814527,
    "p25": 0.10893167546996656,
    "p50": 0.2634049749923329,
    "p75": 0.37616995129748,
    "p90": 0.47065524459844316,
    "max": 0.7377478239666695,
    "mean": 0.23313661492848467
  },
  "CDS": {
    "min": -0.45810725879474556,
    "p25": -0.2334186368857218,
    "p50": -0.11693756686960821,
    "p75": 0.26648730400921694,
    "p90": 0.4880554663159925,
    "max": 0.6729597155047098,
    "mean": -0.009416163806604315
  }
}