{
  "as_of_utc": "2025-11-07T05:15:16.630000+00:00",
  "counts": {
    "symbols": 65
  },
  "TS": {
    "min": -0.7533199499304969,
    "p25": -0.5912033241771771,
    "p50": -0.5179242035929635,
    "p75": -0.39155935674219644,
    "p90": 0.4550820444499991,
    "max": 0.6337186523472146,
    "mean": -0.3787832137537068
  },
  "NS": {
    "min": -0.293823485891457,
    "p25": 0.06087233952268589,
    "p50": 0.12288835911174233,
    "p75": 0.24595175841782022,
    "p90": 0.31632437657933166,
    "max": 0.37212532131227666,
    "mean": 0.1354488961366592
  },
  "CDS": {
    "min": -0.46052309999127283,
    "p25": -0.315751349415355,
    "p50": -0.2632259918017961,
    "p75": -0.15055903654526775,
    "p90": 0.33340664776261275,
    "max": 0.46989413876071406,
    "mean": -0.1730903697975604
  }
}