{
  "as_of_utc": "2025-11-11T23:12:05.706100+00:00",
  "counts": {
    "symbols": 151
  },
  "TS": {
    "min": -0.7194048929378353,
    "p25": -0.49376964221539515,
    "p50": -0.34322517898720584,
    "p75": 0.5038120758943845,
    "p90": 0.6054126672862908,
    "max": 0.7356208034752667,
    "mean": -0.1283491045369597
  },
  "NS": {
    "min": -0.5221392783070531,
    "p25": 0.09780537364575802,
    "p50": 0.23878548733830926,
    "p75": 0.34612457567321453,
    "p90": 0.41993922171699544,
    "max": 0.6035252484550034,
    "mean": 0.21259774262367342
  },
  "CDS": {
    "min": -0.4721816558697046,
    "p25": -0.22227957885744679,
    "p50": -0.1116224269224236,
    "p75": 0.33057858393994966,
    "p90": 0.482392137572336,
    "max": 0.5434168736001331,
    "mean": 0.008029634327293552
  }
}