{
  "as_of_utc": "2025-11-06T07:14:51.939773+00:00",
  "counts": {
    "symbols": 65
  },
  "TS": {
    "min": -0.7123004735839368,
    "p25": -0.5303160103317452,
    "p50": -0.4321518641832054,
    "p75": 0.411911943086555,
    "p90": 0.48325611836821514,
    "max": 0.6411013919597989,
    "mean": -0.18900868532437679
  },
  "NS": {
    "min": -0.0483529416877447,
    "p25": 0.10425892993751079,
    "p50": 0.1985777611004925,
    "p75": 0.26474356989432574,
    "p90": 0.31978563405092075,
    "max": 0.3752955380130286,
    "mean": 0.18528369408522888
  },
  "CDS": {
    "min": -0.44672146082545994,
    "p25": -0.25698544676068613,
    "p50": -0.18119946093962494,
    "p75": 0.31484992878405565,
    "p90": 0.4124303144298751,
    "max": 0.4875893644432191,
    "mean": -0.03929173356053451
  }
}