{
  "as_of_utc": "2025-11-07T06:22:18.548421+00:00",
  "counts": {
    "symbols": 65
  },
  "TS": {
    "min": -0.7533199499304969,
    "p25": -0.5912033241771771,
    "p50": -0.5179242035929635,
    "p75": -0.39155935674219644,
    "p90": 0.4550820444499991,
    "max": 0.6337186523472146,
    "mean": -0.3787832137537068
  },
  "NS": {
    "min": -0.2938234858914567,
    "p25": 0.045208052381867384,
    "p50": 0.12288835911174242,
    "p75": 0.23569131887825504,
    "p90": 0.3209595895209162,
    "max": 0.3639625918210086,
    "mean": 0.13257392865879541
  },
  "CDS": {
    "min": -0.4534393277531393,
    "p25": -0.3153716942611103,
    "p50": -0.2649599519143079,
    "p75": -0.1506744523273032,
    "p90": 0.3259487894152876,
    "max": 0.46998444004679785,
    "mean": -0.1742403567887059
  }
}