{
  "as_of_utc": "2025-11-07T14:14:58.755121+00:00",
  "counts": {
    "symbols": 65
  },
  "TS": {
    "min": -0.7533199499304969,
    "p25": -0.5912033241771771,
    "p50": -0.5179242035929635,
    "p75": -0.39155935674219644,
    "p90": 0.4550820444499991,
    "max": 0.6337186523472146,
    "mean": -0.3787832137537068
  },
  "NS": {
    "min": -0.22677805836013967,
    "p25": 0.031904998847219215,
    "p50": 0.12117026266005995,
    "p75": 0.2754353392603361,
    "p90": 0.33964645344902444,
    "max": 0.45533558963244036,
    "mean": 0.14509811873808065
  },
  "CDS": {
    "min": -0.44097351482611596,
    "p25": -0.3112883663413233,
    "p50": -0.26681886144209993,
    "p75": -0.13325753029851134,
    "p90": 0.3488869346161664,
    "max": 0.5291351353739142,
    "mean": -0.16923068075699182
  }
}