{
  "as_of_utc": "2025-11-05T12:28:38.459388+00:00",
  "counts": {
    "symbols": 65
  },
  "TS": {
    "min": -0.7172248666567946,
    "p25": -0.5572809103197033,
    "p50": -0.41034828363083775,
    "p75": 0.42248152132732164,
    "p90": 0.4851113847200006,
    "max": 0.6066309895881877,
    "mean": -0.14744943022207208
  },
  "NS": {
    "min": -0.12186794926963249,
    "p25": 0.0868881206327165,
    "p50": 0.20525414521305202,
    "p75": 0.297848887978201,
    "p90": 0.3704383893042328,
    "max": 0.43473779477508995,
    "mean": 0.19266547882966154
  },
  "CDS": {
    "min": -0.42633583575739203,
    "p25": -0.2626620555241128,
    "p50": -0.17294528172654172,
    "p75": 0.28308815626042316,
    "p90": 0.4148767654739448,
    "max": 0.5108613641391436,
    "mean": -0.011403466601378608
  }
}