{
  "as_of_utc": "2025-11-10T16:36:28.104083+00:00",
  "counts": {
    "symbols": 148
  },
  "TS": {
    "min": -0.737890651914024,
    "p25": -0.5586605847509984,
    "p50": -0.49397475723418643,
    "p75": -0.21040910042929645,
    "p90": 0.5377810317487173,
    "max": 0.6977027428334699,
    "mean": -0.25841652702331835
  },
  "NS": {
    "min": -0.507352572942155,
    "p25": 0.1122030867339808,
    "p50": 0.2654110536336988,
    "p75": 0.3961617008170535,
    "p90": 0.48375529429817354,
    "max": 0.6311642369219769,
    "mean": 0.2431952981062246
  },
  "CDS": {
    "min": -0.4708748365287282,
    "p25": -0.2613917787921886,
    "p50": -0.1792513673313262,
    "p75": 0.04304770557816972,
    "p90": 0.4538562378561555,
    "max": 0.5807378732299793,
    "mean": -0.05777179697150118
  }
}