{
  "as_of_utc": "2025-11-05T23:14:07.369132+00:00",
  "counts": {
    "symbols": 65
  },
  "TS": {
    "min": -0.7123004735839368,
    "p25": -0.5303160103317452,
    "p50": -0.4321518641832054,
    "p75": 0.411911943086555,
    "p90": 0.48325611836821514,
    "max": 0.6411013919597989,
    "mean": -0.18900868532437679
  },
  "NS": {
    "min": -0.07555267339361084,
    "p25": 0.1172876814718093,
    "p50": 0.18753685489766142,
    "p75": 0.25166973756264727,
    "p90": 0.333505950849596,
    "max": 0.42367317670101057,
    "mean": 0.18373247270884366
  },
  "CDS": {
    "min": -0.45524900839615534,
    "p25": -0.2593982861199047,
    "p50": -0.17496229452810882,
    "p75": 0.3148498442623991,
    "p90": 0.41365386992781517,
    "max": 0.504396687362286,
    "mean": -0.039912222111088594
  }
}