{
  "as_of_utc": "2025-11-14T09:16:29.555667+00:00",
  "counts": {
    "symbols": 151
  },
  "TS": {
    "min": -0.7411695083847137,
    "p25": -0.5634394311207536,
    "p50": -0.5055227982326398,
    "p75": 0.36931802514951073,
    "p90": 0.5264277765974222,
    "max": 0.7647387130344288,
    "mean": -0.22932104939158413
  },
  "NS": {
    "min": -0.39971603159159613,
    "p25": 0.12133691365267865,
    "p50": 0.22791975580137883,
    "p75": 0.32400155843004197,
    "p90": 0.41596708370486674,
    "max": 0.5748401937656691,
    "mean": 0.22725983354859272
  },
  "CDS": {
    "min": -0.42186097902620856,
    "p25": -0.26257995115147786,
    "p50": -0.17706444709721894,
    "p75": 0.29657802724015336,
    "p90": 0.41103266218086537,
    "max": 0.5294562446522011,
    "mean": -0.0466886962155134
  }
}