{
  "as_of_utc": "2025-11-06T17:15:35.235111+00:00",
  "counts": {
    "symbols": 65
  },
  "TS": {
    "min": -0.755197924346447,
    "p25": -0.5898352311658566,
    "p50": -0.515768641397065,
    "p75": -0.4137008506309616,
    "p90": 0.4534093029478704,
    "max": 0.6312299782741213,
    "mean": -0.39051710485805896
  },
  "NS": {
    "min": -0.10614192475173378,
    "p25": 0.11107605288894663,
    "p50": 0.1846825696246172,
    "p75": 0.2691006683421139,
    "p90": 0.32659509946102394,
    "max": 0.3778536885916813,
    "mean": 0.18076647520450653
  },
  "CDS": {
    "min": -0.4299412609871946,
    "p25": -0.2867515691785487,
    "p50": -0.2522029881935187,
    "p75": -0.1394445879973294,
    "p90": 0.35995212666627613,
    "max": 0.4926402264646397,
    "mean": -0.16200367283303277
  }
}