{
  "as_of_utc": "2025-11-13T12:27:24.940182+00:00",
  "counts": {
    "symbols": 151
  },
  "TS": {
    "min": -0.7265867487442214,
    "p25": -0.5120242047172722,
    "p50": -0.3531409663500693,
    "p75": 0.5247170061283628,
    "p90": 0.615503282248315,
    "max": 0.7629462284856204,
    "mean": -0.08709825978131555
  },
  "NS": {
    "min": -0.5295639521287412,
    "p25": 0.1466814788017169,
    "p50": 0.24732282956371676,
    "p75": 0.3239482751533729,
    "p90": 0.3815895131761613,
    "max": 0.5955833893318639,
    "mean": 0.23070794811093429
  },
  "CDS": {
    "min": -0.45587666585277764,
    "p25": -0.20866677305655357,
    "p50": -0.10465214232860698,
    "p75": 0.41141145186403216,
    "p90": 0.4775656914589137,
    "max": 0.5583423696202761,
    "mean": 0.0400242233755844
  }
}