{
  "as_of_utc": "2025-11-05T16:49:57.893515+00:00",
  "counts": {
    "symbols": 65
  },
  "TS": {
    "min": -0.7071447870705633,
    "p25": -0.5376048261950418,
    "p50": -0.3797091759439427,
    "p75": 0.4343816617874281,
    "p90": 0.492797332357516,
    "max": 0.6434725612015464,
    "mean": -0.19342367097724875
  },
  "NS": {
    "min": -0.17418949179582396,
    "p25": 0.12270484948819954,
    "p50": 0.17244396414002044,
    "p75": 0.27509378202320756,
    "p90": 0.3909980403190835,
    "max": 0.7698452565996613,
    "mean": 0.20100301121957223
  },
  "CDS": {
    "min": -0.43040412337232126,
    "p25": -0.26123304055841634,
    "p50": -0.16990035471613418,
    "p75": 0.2849990841227814,
    "p90": 0.42765697058809826,
    "max": 0.6513055079237753,
    "mean": -0.034741153877936595
  }
}