{
  "as_of_utc": "2025-11-05T08:20:03.825445+00:00",
  "counts": {
    "symbols": 65
  },
  "TS": {
    "min": -0.7172248666567946,
    "p25": -0.5572809103197033,
    "p50": -0.41034828363083775,
    "p75": 0.42248152132732164,
    "p90": 0.4851113847200006,
    "max": 0.6066309895881877,
    "mean": -0.14744943022207208
  },
  "NS": {
    "min": -0.11917782059057598,
    "p25": 0.0815131047086234,
    "p50": 0.19469578502521684,
    "p75": 0.30015783930424433,
    "p90": 0.3533270400833684,
    "max": 0.45041526865019055,
    "mean": 0.18249262808702782
  },
  "CDS": {
    "min": -0.42633583575739203,
    "p25": -0.27889855943495756,
    "p50": -0.17900062112528498,
    "p75": 0.26983070357372524,
    "p90": 0.4214818828294303,
    "max": 0.5296440626612999,
    "mean": -0.015472606898432096
  }
}