{
  "as_of_utc": "2025-11-06T23:13:44.047402+00:00",
  "counts": {
    "symbols": 65
  },
  "TS": {
    "min": -0.7533199499304969,
    "p25": -0.5912033241771771,
    "p50": -0.5179242035929635,
    "p75": -0.39155935674219644,
    "p90": 0.4550820444499991,
    "max": 0.6337186523472146,
    "mean": -0.3787832137537068
  },
  "NS": {
    "min": -0.2941105420807682,
    "p25": 0.05952642782651078,
    "p50": 0.11722782014045771,
    "p75": 0.2577278591353114,
    "p90": 0.2995609903117042,
    "max": 0.35566410947353366,
    "mean": 0.12739205966608974
  },
  "CDS": {
    "min": -0.4431563685290303,
    "p25": -0.32191417267740124,
    "p50": -0.2648890920249364,
    "p75": -0.1606449422529912,
    "p90": 0.331178343209264,
    "max": 0.48953031033428795,
    "mean": -0.17631310438578818
  }
}