{
  "as_of_utc": "2025-11-05T16:18:49.402167+00:00",
  "counts": {
    "symbols": 65
  },
  "TS": {
    "min": -0.7081940754740439,
    "p25": -0.5549057855320595,
    "p50": -0.4384588045174682,
    "p75": 0.39654517690090196,
    "p90": 0.46960812653927875,
    "max": 0.6392545022286295,
    "mean": -0.22124232203094168
  },
  "NS": {
    "min": -0.17790946556707066,
    "p25": 0.11317472709293724,
    "p50": 0.18622730478886415,
    "p75": 0.26384613847860766,
    "p90": 0.33949562945240636,
    "max": 0.42346205665913983,
    "mean": 0.18589640551115763
  },
  "CDS": {
    "min": -0.4308600987849654,
    "p25": -0.27322735546445376,
    "p50": -0.17674508160694677,
    "p75": 0.25112497359301456,
    "p90": 0.39287293714244514,
    "max": 0.5249397764117715,
    "mean": -0.05838683101410195
  }
}