{
  "as_of_utc": "2025-11-05T14:15:42.484833+00:00",
  "counts": {
    "symbols": 65
  },
  "TS": {
    "min": -0.7172248666567946,
    "p25": -0.5572809103197033,
    "p50": -0.41034828363083775,
    "p75": 0.42248152132732164,
    "p90": 0.4851113847200006,
    "max": 0.6066309895881877,
    "mean": -0.14744943022207208
  },
  "NS": {
    "min": -0.17847622283214942,
    "p25": 0.07889539928151207,
    "p50": 0.1754806847592486,
    "p75": 0.24750959368381323,
    "p90": 0.3376372035892037,
    "max": 0.43473779477509,
    "mean": 0.17016958654822698
  },
  "CDS": {
    "min": -0.40156833825896526,
    "p25": -0.2761747654320098,
    "p50": -0.1708965825269101,
    "p75": 0.27144676726539335,
    "p90": 0.40591618195207435,
    "max": 0.516496483169607,
    "mean": -0.020401823513952432
  }
}