{
  "as_of_utc": "2025-11-07T07:14:55.431349+00:00",
  "counts": {
    "symbols": 65
  },
  "TS": {
    "min": -0.7533199499304969,
    "p25": -0.5912033241771771,
    "p50": -0.5179242035929635,
    "p75": -0.39155935674219644,
    "p90": 0.4550820444499991,
    "max": 0.6337186523472146,
    "mean": -0.3787832137537068
  },
  "NS": {
    "min": -0.2938243565875946,
    "p25": 0.05109864262527806,
    "p50": 0.12388582300881495,
    "p75": 0.23908404872765443,
    "p90": 0.3235850608106896,
    "max": 0.38208629126851357,
    "mean": 0.13242254395738318
  },
  "CDS": {
    "min": -0.4534393277531393,
    "p25": -0.3171071416714967,
    "p50": -0.2605266404963269,
    "p75": -0.1565631812085879,
    "p90": 0.33286176540115975,
    "max": 0.467871124078281,
    "mean": -0.1743009106692708
  }
}