{
  "as_of_utc": "2025-11-05T20:16:23.104653+00:00",
  "counts": {
    "symbols": 65
  },
  "TS": {
    "min": -0.7083114177652161,
    "p25": -0.5280072271711104,
    "p50": -0.3510738595355324,
    "p75": 0.4417226898965765,
    "p90": 0.5049771793449221,
    "max": 0.6490820935689834,
    "mean": -0.15387208719586543
  },
  "NS": {
    "min": -0.06615232259007382,
    "p25": 0.08912312396408613,
    "p50": 0.16941052652513303,
    "p75": 0.26496576960286655,
    "p90": 0.3172242905626259,
    "max": 0.37835229450687385,
    "mean": 0.17488111591266886
  },
  "CDS": {
    "min": -0.4514477796951592,
    "p25": -0.2415994428971271,
    "p50": -0.1653349879624311,
    "p75": 0.30167295019230034,
    "p90": 0.42117934372736077,
    "max": 0.5278004439598715,
    "mean": -0.022370805952451705
  }
}