{
  "as_of_utc": "2025-11-05T05:14:21.861661+00:00",
  "counts": {
    "symbols": 65
  },
  "TS": {
    "min": -0.7172248666567946,
    "p25": -0.5572809103197033,
    "p50": -0.41034828363083775,
    "p75": 0.42248152132732164,
    "p90": 0.4851113847200006,
    "max": 0.6066309895881877,
    "mean": -0.14744943022207208
  },
  "NS": {
    "min": 0.0,
    "p25": 0.0,
    "p50": 0.0,
    "p75": 0.0,
    "p90": 0.0,
    "max": 0.0,
    "mean": 0.0
  },
  "CDS": {
    "min": -0.43033491999407675,
    "p25": -0.33436854619182194,
    "p50": -0.24620897017850263,
    "p75": 0.25348891279639296,
    "p90": 0.29106683083200036,
    "max": 0.36397859375291264,
    "mean": -0.08846965813324323
  }
}