{
  "as_of_utc": "2025-11-06T20:16:18.313971+00:00",
  "counts": {
    "symbols": 65
  },
  "TS": {
    "min": -0.7583301063941139,
    "p25": -0.5882708299099586,
    "p50": -0.49330108141923246,
    "p75": -0.34987887437405485,
    "p90": 0.49612825801232263,
    "max": 0.6383279032372274,
    "mean": -0.3197541604472132
  },
  "NS": {
    "min": -0.5669467914678735,
    "p25": 0.05903216625358186,
    "p50": 0.13089622157824657,
    "p75": 0.27161272144485277,
    "p90": 0.3139199830166075,
    "max": 0.36410391013823956,
    "mean": 0.13753919361145944
  },
  "CDS": {
    "min": -0.437940245259804,
    "p25": -0.3227619827711705,
    "p50": -0.22607368028604086,
    "p75": -0.10908906025850608,
    "p90": 0.3856643647417946,
    "max": 0.5193416672432924,
    "mean": -0.13683681882374416
  }
}