{
  "as_of_utc": "2025-11-10T04:21:51.840247+00:00",
  "counts": {
    "symbols": 148
  },
  "TS": {
    "min": -0.737890651914024,
    "p25": -0.5586605847509984,
    "p50": -0.49397475723418643,
    "p75": -0.21040910042929645,
    "p90": 0.5377810317487173,
    "max": 0.6977027428334699,
    "mean": -0.25841652702331835
  },
  "NS": {
    "min": -0.5339534768161183,
    "p25": 0.06000538902102692,
    "p50": 0.1465699934401252,
    "p75": 0.24190296528648825,
    "p90": 0.3409061281960491,
    "max": 0.5345717452757505,
    "mean": 0.14610882533777442
  },
  "CDS": {
    "min": -0.49075638903379265,
    "p25": -0.287301444270821,
    "p50": -0.21750156509047547,
    "p75": 0.016684939427027888,
    "p90": 0.41390302944670365,
    "max": 0.5022709914588703,
    "mean": -0.09660638607888124
  }
}