{
  "as_of_utc": "2025-11-07T13:25:22.259390+00:00",
  "counts": {
    "symbols": 65
  },
  "TS": {
    "min": -0.7533199499304969,
    "p25": -0.5912033241771771,
    "p50": -0.5179242035929635,
    "p75": -0.39155935674219644,
    "p90": 0.4550820444499991,
    "max": 0.6337186523472146,
    "mean": -0.3787832137537068
  },
  "NS": {
    "min": -0.26384329722862265,
    "p25": 0.04594787069810988,
    "p50": 0.13838404573091112,
    "p75": 0.26221696927557675,
    "p90": 0.3447148176491286,
    "max": 0.47158311919976537,
    "mean": 0.155250154491208
  },
  "CDS": {
    "min": -0.4481810998966632,
    "p25": -0.31143208291934993,
    "p50": -0.2479532126710845,
    "p75": -0.12503985194141298,
    "p90": 0.34552632721055043,
    "max": 0.5286965693990844,
    "mean": -0.16516986645574086
  }
}