{
  "as_of_utc": "2025-11-13T19:11:06.700462+00:00",
  "counts": {
    "symbols": 151
  },
  "TS": {
    "min": -0.7358985316178127,
    "p25": -0.5538969712479289,
    "p50": -0.4904374998589194,
    "p75": 0.42841800767498245,
    "p90": 0.5496844639968307,
    "max": 0.7733529472106249,
    "mean": -0.19937567125661287
  },
  "NS": {
    "min": -0.43319773327609346,
    "p25": 0.14464968794824226,
    "p50": 0.2758531188469638,
    "p75": 0.369032880237639,
    "p90": 0.42757970423966407,
    "max": 0.5851586387545663,
    "mean": 0.2495226677951522
  },
  "CDS": {
    "min": -0.4375025907775196,
    "p25": -0.25037570159918254,
    "p50": -0.16694831094726809,
    "p75": 0.3294410065114094,
    "p90": 0.44819517950500265,
    "max": 0.6309726382172338,
    "mean": -0.01981633563590685
  }
}