{
  "as_of_utc": "2025-11-12T19:11:17.491263+00:00",
  "counts": {
    "symbols": 151
  },
  "TS": {
    "min": -0.7188393494646826,
    "p25": -0.5042301916648141,
    "p50": -0.35593257909621234,
    "p75": 0.5400484892507891,
    "p90": 0.6184166186554729,
    "max": 0.7648240941497176,
    "mean": -0.07697467723346485
  },
  "NS": {
    "min": -0.5996053843177568,
    "p25": 0.13707038237984254,
    "p50": 0.2587705202135234,
    "p75": 0.35816369020276617,
    "p90": 0.43611472446901256,
    "max": 0.6747098167834833,
    "mean": 0.23451484542211617
  },
  "CDS": {
    "min": -0.48332869471895124,
    "p25": -0.20958764214853526,
    "p50": -0.1030313886327163,
    "p75": 0.41671858380794025,
    "p90": 0.5044591647963346,
    "max": 0.6026125881463484,
    "mean": 0.04762113182876757
  }
}