{
  "as_of_utc": "2025-11-14T16:54:45.591306+00:00",
  "counts": {
    "symbols": 151
  },
  "TS": {
    "min": -0.7508321669605829,
    "p25": -0.542992299962374,
    "p50": -0.4813172159458662,
    "p75": 0.23949747183656914,
    "p90": 0.49967801079640906,
    "max": 0.7635776182612922,
    "mean": -0.2549935294426966
  },
  "NS": {
    "min": -0.21894450572381208,
    "p25": 0.11052279841382415,
    "p50": 0.21381771097220936,
    "p75": 0.31550648130583214,
    "p90": 0.3768775195637853,
    "max": 0.7012023362546232,
    "mean": 0.21416297279262883
  },
  "CDS": {
    "min": -0.4191983929657236,
    "p25": -0.2557147721520896,
    "p50": -0.1828941349332619,
    "p75": 0.17644113388671206,
    "p90": 0.4118855189516247,
    "max": 0.5086595870006556,
    "mean": -0.06588147702798854
  }
}