{
  "as_of_utc": "2025-11-13T16:17:00.570862+00:00",
  "counts": {
    "symbols": 151
  },
  "TS": {
    "min": -0.7265867487442214,
    "p25": -0.5120242047172722,
    "p50": -0.3531409663500693,
    "p75": 0.5247170061283628,
    "p90": 0.615503282248315,
    "max": 0.7629462284856204,
    "mean": -0.08709825978131555
  },
  "NS": {
    "min": -0.529563952128741,
    "p25": 0.14668147880171692,
    "p50": 0.2473228295637171,
    "p75": 0.3239482751533728,
    "p90": 0.38158951317616113,
    "max": 0.5955833893318639,
    "mean": 0.23070794811093429
  },
  "CDS": {
    "min": -0.45587666585277753,
    "p25": -0.20866677305655357,
    "p50": -0.1046521423286072,
    "p75": 0.41141145186403216,
    "p90": 0.4775656914589137,
    "max": 0.558342369620276,
    "mean": 0.0400242233755844
  }
}