{
  "as_of_utc": "2025-11-05T06:50:16.012593+00:00",
  "counts": {
    "symbols": 65
  },
  "TS": {
    "min": -0.7172248666567946,
    "p25": -0.5572809103197033,
    "p50": -0.41034828363083775,
    "p75": 0.42248152132732164,
    "p90": 0.4851113847200006,
    "max": 0.6066309895881877,
    "mean": -0.14744943022207208
  },
  "NS": {
    "min": -0.11916981631360714,
    "p25": 0.08312486867740619,
    "p50": 0.19838233751977916,
    "p75": 0.30933252628286234,
    "p90": 0.38664966837770776,
    "max": 0.4504152686501905,
    "mean": 0.19804439345919347
  },
  "CDS": {
    "min": -0.4121427314900268,
    "p25": -0.2775741593215923,
    "p50": -0.16283538619073917,
    "p75": 0.2720183136840874,
    "p90": 0.43673062203906216,
    "max": 0.5296880920021447,
    "mean": -0.009251900749565826
  }
}