{
  "as_of_utc": "2025-11-07T22:08:10.912242+00:00",
  "counts": {
    "symbols": 146
  },
  "TS": {
    "min": -0.737890651914024,
    "p25": -0.5562315040136536,
    "p50": -0.49397475723418643,
    "p75": -0.22913648656043967,
    "p90": 0.5378744811221177,
    "max": 0.6977027428334699,
    "mean": -0.2606459743506948
  },
  "NS": {
    "min": -0.6186423710249408,
    "p25": 0.06717230487619032,
    "p50": 0.1564890561626261,
    "p75": 0.27897077284746075,
    "p90": 0.3615203649744627,
    "max": 0.47326374726058945,
    "mean": 0.15296304118510207
  },
  "CDS": {
    "min": -0.49940248471226956,
    "p25": -0.28570050911398753,
    "p50": -0.21715236430491305,
    "p75": 0.01837258995190718,
    "p90": 0.4263932598041984,
    "max": 0.5156237288748935,
    "mean": -0.09520236813637604
  }
}