{
  "as_of_utc": "2025-11-06T14:15:25.639934+00:00",
  "counts": {
    "symbols": 65
  },
  "TS": {
    "min": -0.7123004735839368,
    "p25": -0.5303160103317452,
    "p50": -0.4321518641832054,
    "p75": 0.411911943086555,
    "p90": 0.48325611836821514,
    "max": 0.6411013919597989,
    "mean": -0.18900868532437679
  },
  "NS": {
    "min": -0.16463848311282447,
    "p25": 0.11516363065664552,
    "p50": 0.2058004682057563,
    "p75": 0.3054498911764488,
    "p90": 0.36427354686825286,
    "max": 0.4363470124243537,
    "mean": 0.20152677564256802
  },
  "CDS": {
    "min": -0.4028896051202089,
    "p25": -0.25463736240540613,
    "p50": -0.1697777629004994,
    "p75": 0.32031274091008194,
    "p90": 0.4193118468320244,
    "max": 0.5309233272506803,
    "mean": -0.03279450093759885
  }
}