{
  "as_of_utc": "2025-11-11T17:38:00.255321+00:00",
  "counts": {
    "symbols": 151
  },
  "TS": {
    "min": -0.7202145347066553,
    "p25": -0.5160197196932345,
    "p50": -0.38080618980236225,
    "p75": 0.49424462076605513,
    "p90": 0.5907690687124791,
    "max": 0.7319499357377792,
    "mean": -0.1500537244022129
  },
  "NS": {
    "min": -0.5612249183882289,
    "p25": 0.10739922424700521,
    "p50": 0.21659825394335425,
    "p75": 0.2997384487982777,
    "p90": 0.3505777202224502,
    "max": 0.550519844691484,
    "mean": 0.18806579663975942
  },
  "CDS": {
    "min": -0.47934836619028276,
    "p25": -0.2179948524119456,
    "p50": -0.15277509732375633,
    "p75": 0.34729916100869124,
    "p90": 0.45499217766920835,
    "max": 0.5705847439160212,
    "mean": -0.014805915985423966
  }
}