{
  "as_of_utc": "2025-11-05T20:41:36.480398+00:00",
  "counts": {
    "symbols": 65
  },
  "TS": {
    "min": -0.7083114177652161,
    "p25": -0.5280072271711104,
    "p50": -0.3510738595355324,
    "p75": 0.4417226898965765,
    "p90": 0.5049771793449221,
    "max": 0.6490820935689834,
    "mean": -0.15387208719586543
  },
  "NS": {
    "min": -0.06615232259007375,
    "p25": 0.08912312396408614,
    "p50": 0.16941052652513303,
    "p75": 0.2649657696028665,
    "p90": 0.31722429056262585,
    "max": 0.3783522945068744,
    "mean": 0.17488111591266892
  },
  "CDS": {
    "min": -0.45144777969515915,
    "p25": -0.24159944289712706,
    "p50": -0.1653349879624311,
    "p75": 0.30167295019230045,
    "p90": 0.4211793437273609,
    "max": 0.5278004439598715,
    "mean": -0.022370805952451684
  }
}