{
  "as_of_utc": "2025-11-13T04:19:13.215335+00:00",
  "counts": {
    "symbols": 151
  },
  "TS": {
    "min": -0.7235033819387631,
    "p25": -0.5072371025565343,
    "p50": -0.3570630892762141,
    "p75": 0.536341789945243,
    "p90": 0.6165718141807006,
    "max": 0.7649457943708815,
    "mean": -0.08232212967388314
  },
  "NS": {
    "min": -0.6339346585175286,
    "p25": 0.12903785217477953,
    "p50": 0.24491161109909768,
    "p75": 0.3411494587140686,
    "p90": 0.42117795408642394,
    "max": 0.7129431882547606,
    "mean": 0.23405387407845551
  },
  "CDS": {
    "min": -0.49706040439885996,
    "p25": -0.20560614232655894,
    "p50": -0.10384238125731565,
    "p75": 0.39329743719056,
    "p90": 0.49075992216550185,
    "max": 0.5915615352679928,
    "mean": 0.04564595269052439
  }
}