{
  "as_of_utc": "2025-11-12T15:47:46.251743+00:00",
  "counts": {
    "symbols": 151
  },
  "TS": {
    "min": -0.7194048929378353,
    "p25": -0.49376964221539515,
    "p50": -0.34322517898720584,
    "p75": 0.5038120758943845,
    "p90": 0.6054126672862908,
    "max": 0.7356208034752667,
    "mean": -0.1283491045369597
  },
  "NS": {
    "min": -0.5221392783070529,
    "p25": 0.097805373645758,
    "p50": 0.23878548733830934,
    "p75": 0.3461245756732145,
    "p90": 0.4199392217169956,
    "max": 0.6035252484550035,
    "mean": 0.21259774262367348
  },
  "CDS": {
    "min": -0.4721816558697046,
    "p25": -0.22227957885744679,
    "p50": -0.11162242692242355,
    "p75": 0.33057858393994966,
    "p90": 0.4823921375723362,
    "max": 0.543416873600133,
    "mean": 0.008029634327293563
  }
}