{
  "as_of_utc": "2025-11-07T04:17:57.154715+00:00",
  "counts": {
    "symbols": 65
  },
  "TS": {
    "min": -0.7533199499304969,
    "p25": -0.5912033241771771,
    "p50": -0.5179242035929635,
    "p75": -0.39155935674219644,
    "p90": 0.4550820444499991,
    "max": 0.6337186523472146,
    "mean": -0.3787832137537068
  },
  "NS": {
    "min": -0.2942227613605081,
    "p25": 0.04167366889323461,
    "p50": 0.11917208365314175,
    "p75": 0.24104864118902422,
    "p90": 0.33022158981647587,
    "max": 0.36243271033083796,
    "mean": 0.1307105274852588
  },
  "CDS": {
    "min": -0.4522524318014505,
    "p25": -0.31221832005859035,
    "p50": -0.27386178369535413,
    "p75": -0.15709108449240114,
    "p90": 0.33134960132142843,
    "max": 0.46989413876071395,
    "mean": -0.17498571725812054
  }
}