{
  "as_of_utc": "2025-11-05T21:13:55.996951+00:00",
  "counts": {
    "symbols": 65
  },
  "TS": {
    "min": -0.7123004735839368,
    "p25": -0.5303160103317452,
    "p50": -0.4321518641832054,
    "p75": 0.411911943086555,
    "p90": 0.48325611836821514,
    "max": 0.6411013919597989,
    "mean": -0.18900868532437679
  },
  "NS": {
    "min": -0.07554476971149802,
    "p25": 0.08435987811586441,
    "p50": 0.1698847829347198,
    "p75": 0.26767577278060456,
    "p90": 0.30510596548458563,
    "max": 0.4286644687224416,
    "mean": 0.1712818968136205
  },
  "CDS": {
    "min": -0.45006329727016064,
    "p25": -0.2736312762220242,
    "p50": -0.18863286984007546,
    "p75": 0.3147890663495783,
    "p90": 0.4158276028219249,
    "max": 0.5046262086131867,
    "mean": -0.044892452469177856
  }
}