{
  "as_of_utc": "2025-11-07T20:09:17.645799+00:00",
  "counts": {
    "symbols": 98
  },
  "TS": {
    "min": -0.7324560192009782,
    "p25": -0.5786837906764561,
    "p50": -0.5079074351872362,
    "p75": 0.38590039000716647,
    "p90": 0.5483510011203078,
    "max": 0.6850628242290642,
    "mean": -0.25164365576456876
  },
  "NS": {
    "min": -0.19878740825146762,
    "p25": 0.0719098902751012,
    "p50": 0.17506109848273174,
    "p75": 0.279846155708699,
    "p90": 0.36668333391329655,
    "max": 0.48348915323551045,
    "mean": 0.17203568566582728
  },
  "CDS": {
    "min": -0.4558551883976864,
    "p25": -0.3046963659863522,
    "p50": -0.20800084189972934,
    "p75": 0.28399466192063116,
    "p90": 0.4328403041822011,
    "max": 0.4956021266570706,
    "mean": -0.08217191919241033
  }
}