{
  "as_of_utc": "2025-11-06T22:55:19.566070+00:00",
  "counts": {
    "symbols": 65
  },
  "TS": {
    "min": -0.7533199499304969,
    "p25": -0.5912033241771771,
    "p50": -0.5179242035929635,
    "p75": -0.39155935674219644,
    "p90": 0.4550820444499991,
    "max": 0.6337186523472146,
    "mean": -0.3787832137537068
  },
  "NS": {
    "min": -0.2941105420807683,
    "p25": 0.0659839863809713,
    "p50": 0.12383702611238086,
    "p75": 0.25626555757895175,
    "p90": 0.33765021505093723,
    "max": 0.4365546503898435,
    "mean": 0.14050860210053656
  },
  "CDS": {
    "min": -0.4399587044311779,
    "p25": -0.3189069832852541,
    "p50": -0.2681141451777738,
    "p75": -0.1365725780529884,
    "p90": 0.33393427935455083,
    "max": 0.489530310334288,
    "mean": -0.17106648741200944
  }
}