{
  "as_of_utc": "2025-11-10T19:43:15.777549+00:00",
  "counts": {
    "symbols": 151
  },
  "TS": {
    "min": -0.7244878415569281,
    "p25": -0.5140204358511532,
    "p50": -0.34031019369814397,
    "p75": 0.3686116341796985,
    "p90": 0.5799284301999283,
    "max": 0.7283000704294416,
    "mean": -0.18157134592790275
  },
  "NS": {
    "min": -0.27203660471243124,
    "p25": 0.1425393137905465,
    "p50": 0.27168511163389775,
    "p75": 0.3801428670269203,
    "p90": 0.4918691265866706,
    "max": 0.6082511145400299,
    "mean": 0.2540057637853711
  },
  "CDS": {
    "min": -0.49142718438718913,
    "p25": -0.2256504686506714,
    "p50": -0.11350399368185551,
    "p75": 0.24768186475768572,
    "p90": 0.4923887491470782,
    "max": 0.5971067863028334,
    "mean": -0.007340502042593209
  }
}