{
  "as_of_utc": "2025-11-07T17:14:46.805838+00:00",
  "counts": {
    "symbols": 98
  },
  "TS": {
    "min": -0.7449338802582339,
    "p25": -0.6122851676272809,
    "p50": -0.5623620062035835,
    "p75": -0.34636063246035276,
    "p90": 0.46735126706241004,
    "max": 0.6541804412377901,
    "mean": -0.33225752117620044
  },
  "NS": {
    "min": -0.0607841713664887,
    "p25": 0.10095774700813315,
    "p50": 0.19706572743325868,
    "p75": 0.30896829294303024,
    "p90": 0.3939665138009792,
    "max": 0.564672382649891,
    "mean": 0.20043831354990982
  },
  "CDS": {
    "min": -0.45704510251310254,
    "p25": -0.31428324747725883,
    "p50": -0.24966057858600027,
    "p75": -0.0393475864168711,
    "p90": 0.41111053570634515,
    "max": 0.5170949140412495,
    "mean": -0.11917918728575631
  }
}