{
  "as_of_utc": "2025-11-17T20:51:12.566151+00:00",
  "counts": {
    "symbols": 151
  },
  "TS": {
    "min": -0.6472202625034472,
    "p25": -0.015050446428727306,
    "p50": 0.08248650813866475,
    "p75": 0.1939395702726366,
    "p90": 0.32040389054910423,
    "max": 0.42645419538430895,
    "mean": 0.0894537193941618
  },
  "NS": {
    "min": -0.5000219701162019,
    "p25": 0.14528034951267582,
    "p50": 0.2278903881949662,
    "p75": 0.3348461466295169,
    "p90": 0.4178060740874308,
    "max": 0.5666840201044171,
    "mean": 0.22541860171447847
  },
  "CDS": {
    "min": -0.2656045645946056,
    "p25": 0.0732700893050364,
    "p50": 0.1426315877597389,
    "p75": 0.2257969411066847,
    "p90": 0.2898649592774849,
    "max": 0.3955891838508384,
    "mean": 0.14383967232228848
  }
}