{
  "as_of_utc": "2025-11-10T16:55:13.322203+00:00",
  "counts": {
    "symbols": 151
  },
  "TS": {
    "min": -0.7292615319926762,
    "p25": -0.5387207799686784,
    "p50": -0.44013865059039303,
    "p75": 0.36469300964556217,
    "p90": 0.5670770351825861,
    "max": 0.7212079176193764,
    "mean": -0.2165718611352201
  },
  "NS": {
    "min": -0.5040108433743549,
    "p25": 0.13730930203344066,
    "p50": 0.2757294972734347,
    "p75": 0.38619594605494906,
    "p90": 0.47917658926929535,
    "max": 0.6422504471157184,
    "mean": 0.24794482759618697
  },
  "CDS": {
    "min": -0.550387948832408,
    "p25": -0.25588267785501917,
    "p50": -0.13808883506315034,
    "p75": 0.2592646815382782,
    "p90": 0.4820339804887994,
    "max": 0.5854730580996654,
    "mean": -0.030765185642657258
  }
}