{
  "as_of_utc": "2025-11-07T15:54:53.172804+00:00",
  "counts": {
    "symbols": 98
  },
  "TS": {
    "min": -0.7391678109889043,
    "p25": -0.6104141304174878,
    "p50": -0.5406582621735188,
    "p75": 0.1463002180117307,
    "p90": 0.49644011517593717,
    "max": 0.6555645729880386,
    "mean": -0.3028520811042768
  },
  "NS": {
    "min": -0.10823387972004316,
    "p25": 0.10047542582199284,
    "p50": 0.20290329037660254,
    "p75": 0.318294223720746,
    "p90": 0.3630833550408057,
    "max": 0.5667627629086254,
    "mean": 0.20045833928318935
  },
  "CDS": {
    "min": -0.4626190636832505,
    "p25": -0.30169444166924525,
    "p50": -0.23450401077612942,
    "p75": 0.21486341995807004,
    "p90": 0.4114167169974386,
    "max": 0.5079021046717185,
    "mean": -0.10152791294929032
  }
}