{
  "as_of_utc": "2025-11-11T22:13:41.175051+00:00",
  "counts": {
    "symbols": 151
  },
  "TS": {
    "min": -0.7194048929378353,
    "p25": -0.49376964221539515,
    "p50": -0.34322517898720584,
    "p75": 0.5038120758943845,
    "p90": 0.6054126672862908,
    "max": 0.7356208034752667,
    "mean": -0.1283491045369597
  },
  "NS": {
    "min": -0.5221392783070531,
    "p25": 0.097805373645758,
    "p50": 0.2387854873383094,
    "p75": 0.3461245756732143,
    "p90": 0.4199392217169956,
    "max": 0.6035252484550039,
    "mean": 0.21259774262367342
  },
  "CDS": {
    "min": -0.4721816558697047,
    "p25": -0.22227957885744679,
    "p50": -0.11162242692242358,
    "p75": 0.33057858393994966,
    "p90": 0.4823921375723361,
    "max": 0.5434168736001331,
    "mean": 0.008029634327293563
  }
}