{
  "as_of_utc": "2025-11-10T16:17:13.099813+00:00",
  "counts": {
    "symbols": 148
  },
  "TS": {
    "min": -0.737890651914024,
    "p25": -0.5586605847509984,
    "p50": -0.49397475723418643,
    "p75": -0.21040910042929645,
    "p90": 0.5377810317487173,
    "max": 0.6977027428334699,
    "mean": -0.25841652702331835
  },
  "NS": {
    "min": -0.533953476816118,
    "p25": 0.06000538902102694,
    "p50": 0.14656999344012522,
    "p75": 0.24190296528648816,
    "p90": 0.3409061281960491,
    "max": 0.5345717452757508,
    "mean": 0.14610882533777445
  },
  "CDS": {
    "min": -0.4907563890337927,
    "p25": -0.287301444270821,
    "p50": -0.21750156509047547,
    "p75": 0.016684939427027833,
    "p90": 0.4139030294467037,
    "max": 0.5022709914588703,
    "mean": -0.09660638607888124
  }
}