{
  "as_of_utc": "2025-11-10T18:41:53.793278+00:00",
  "counts": {
    "symbols": 151
  },
  "TS": {
    "min": -0.7249164227077051,
    "p25": -0.5205329999898985,
    "p50": -0.34902276768539786,
    "p75": 0.36106864125394783,
    "p90": 0.5854725447873641,
    "max": 0.7290821644649554,
    "mean": -0.18618718535348663
  },
  "NS": {
    "min": -0.7407266544473695,
    "p25": 0.12454701383623981,
    "p50": 0.287875886225376,
    "p75": 0.3951318791391451,
    "p90": 0.4858460592721198,
    "max": 0.8583103959100522,
    "mean": 0.25204702413869196
  },
  "CDS": {
    "min": -0.4963174791763808,
    "p25": -0.23153735385315655,
    "p50": -0.1172878671362313,
    "p75": 0.2836801746835024,
    "p90": 0.4790307784697061,
    "max": 0.5973693168871672,
    "mean": -0.00952431991063959
  }
}