{
  "as_of_utc": "2025-11-06T09:16:54.474543+00:00",
  "counts": {
    "symbols": 65
  },
  "TS": {
    "min": -0.7123004735839368,
    "p25": -0.5303160103317452,
    "p50": -0.4321518641832054,
    "p75": 0.411911943086555,
    "p90": 0.48325611836821514,
    "max": 0.6411013919597989,
    "mean": -0.18900868532437679
  },
  "NS": {
    "min": -0.10620373313006475,
    "p25": 0.11735955074442804,
    "p50": 0.19608945669522648,
    "p75": 0.2672796555297946,
    "p90": 0.32719020842839813,
    "max": 0.4640173680083047,
    "mean": 0.1924643288331779
  },
  "CDS": {
    "min": -0.4371200013945006,
    "p25": -0.2592136205194809,
    "p50": -0.1695950930529193,
    "p75": 0.30580448622744044,
    "p90": 0.4205142718968396,
    "max": 0.5153180282399153,
    "mean": -0.03641947966135489
  }
}