{
  "as_of_utc": "2025-11-05T15:47:46.184164+00:00",
  "counts": {
    "symbols": 65
  },
  "TS": {
    "min": -0.7028327676254084,
    "p25": -0.5438402064567106,
    "p50": -0.4059939207432097,
    "p75": 0.3935540382101096,
    "p90": 0.48962444035636055,
    "max": 0.644790241200406,
    "mean": -0.2131442971643627
  },
  "NS": {
    "min": -0.16504034984877408,
    "p25": 0.06294235513500851,
    "p50": 0.13064524044706957,
    "p75": 0.23635312272427747,
    "p90": 0.34659367094048155,
    "max": 0.48979168509131926,
    "mean": 0.15017542493416838
  },
  "CDS": {
    "min": -0.4764483139980728,
    "p25": -0.27510794742746447,
    "p50": -0.18707301434558476,
    "p75": 0.25547323547446144,
    "p90": 0.40769692027831694,
    "max": 0.54573130778512,
    "mean": -0.06781640832495026
  }
}