{
  "as_of_utc": "2025-11-06T08:20:07.280704+00:00",
  "counts": {
    "symbols": 65
  },
  "TS": {
    "min": -0.7123004735839368,
    "p25": -0.5303160103317452,
    "p50": -0.4321518641832054,
    "p75": 0.411911943086555,
    "p90": 0.48325611836821514,
    "max": 0.6411013919597989,
    "mean": -0.18900868532437679
  },
  "NS": {
    "min": -0.10620373313006463,
    "p25": 0.10399281152814827,
    "p50": 0.20905794294871782,
    "p75": 0.2582231111485927,
    "p90": 0.3441718843940843,
    "max": 0.444840148418861,
    "mean": 0.19159158674721893
  },
  "CDS": {
    "min": -0.4371200013945006,
    "p25": -0.24969158720321172,
    "p50": -0.17070046633299388,
    "p75": 0.30580448622744044,
    "p90": 0.42883394596147695,
    "max": 0.5272036065509401,
    "mean": -0.03676857649573848
  }
}