{
  "as_of_utc": "2025-11-17T18:23:44.111106+00:00",
  "counts": {
    "symbols": 151
  },
  "TS": {
    "min": -0.6472202625034472,
    "p25": -0.1579080072194799,
    "p50": -0.08411081916313834,
    "p75": -0.016201875924510965,
    "p90": 0.06968275507044314,
    "max": 0.25348739369682893,
    "mean": -0.09997820823680179
  },
  "NS": {
    "min": -0.1886535719716932,
    "p25": 0.14117761883541038,
    "p50": 0.2215858542173669,
    "p75": 0.31002884654607354,
    "p90": 0.42436563133065985,
    "max": 0.5965067699846022,
    "mean": 0.22998479684350065
  },
  "CDS": {
    "min": -0.3440746413216075,
    "p25": -0.013778321263515109,
    "p50": 0.033847907352875906,
    "p75": 0.09755694417950903,
    "p90": 0.14937283558699324,
    "max": 0.28550519435086513,
    "mean": 0.03200699379531919
  }
}