{
  "as_of_utc": "2025-11-13T05:06:40.249162+00:00",
  "counts": {
    "symbols": 151
  },
  "TS": {
    "min": -0.7265867487442214,
    "p25": -0.5120242047172722,
    "p50": -0.3531409663500693,
    "p75": 0.5247170061283628,
    "p90": 0.615503282248315,
    "max": 0.7629462284856204,
    "mean": -0.08709825978131555
  },
  "NS": {
    "min": -0.5324439838139521,
    "p25": 0.1529797358988906,
    "p50": 0.2397638802811666,
    "p75": 0.3219300162145948,
    "p90": 0.38500824427505814,
    "max": 0.5988295353657214,
    "mean": 0.23030080377656295
  },
  "CDS": {
    "min": -0.457028678526862,
    "p25": -0.20839523141369443,
    "p50": -0.11283877600936235,
    "p75": 0.4032663962112501,
    "p90": 0.47800060298274294,
    "max": 0.559379036758985,
    "mean": 0.03986136564183587
  }
}