{
  "as_of_utc": "2025-11-07T23:14:46.833368+00:00",
  "counts": {
    "symbols": 148
  },
  "TS": {
    "min": -0.737890651914024,
    "p25": -0.5586605847509984,
    "p50": -0.49397475723418643,
    "p75": -0.21040910042929645,
    "p90": 0.5377810317487173,
    "max": 0.6977027428334699,
    "mean": -0.25841652702331835
  },
  "NS": {
    "min": -0.6044777206221189,
    "p25": 0.06402363081359602,
    "p50": 0.15429290651260985,
    "p75": 0.25489655859185034,
    "p90": 0.33523050057376547,
    "max": 0.41535265044985026,
    "mean": 0.14038077272678304
  },
  "CDS": {
    "min": -0.5109689901167478,
    "p25": -0.29223722909192473,
    "p50": -0.2196627332141119,
    "p75": 0.0016694611919088331,
    "p90": 0.41710055259436496,
    "max": 0.5009007264433911,
    "mean": -0.09889760712327778
  }
}