{
  "as_of_utc": "2025-11-06T16:19:12.932627+00:00",
  "counts": {
    "symbols": 65
  },
  "TS": {
    "min": -0.7488685176764175,
    "p25": -0.5861156221012551,
    "p50": -0.5102152386952684,
    "p75": -0.3891776788005622,
    "p90": 0.47245065970820876,
    "max": 0.625321022254202,
    "mean": -0.3693067121304816
  },
  "NS": {
    "min": -0.10614192475173381,
    "p25": 0.11142871731785021,
    "p50": 0.2029781693427435,
    "p75": 0.2641158060199358,
    "p90": 0.32694209477454533,
    "max": 0.404818504335667,
    "mean": 0.18829672241183423
  },
  "CDS": {
    "min": -0.4129855051287614,
    "p25": -0.2814178077543005,
    "p50": -0.23011530578585254,
    "p75": -0.13679513474207455,
    "p90": 0.3735027883995407,
    "max": 0.47951782950087707,
    "mean": -0.14626533831355526
  }
}