{
  "as_of_utc": "2025-11-07T00:51:16.846658+00:00",
  "counts": {
    "symbols": 65
  },
  "TS": {
    "min": -0.7533199499304969,
    "p25": -0.5912033241771771,
    "p50": -0.5179242035929635,
    "p75": -0.39155935674219644,
    "p90": 0.4550820444499991,
    "max": 0.6337186523472146,
    "mean": -0.3787832137537068
  },
  "NS": {
    "min": -0.29422276136050796,
    "p25": 0.05579005650259092,
    "p50": 0.12383702611238086,
    "p75": 0.22470744437312376,
    "p90": 0.3108146383954543,
    "max": 0.35392413102560893,
    "mean": 0.12833834803620145
  },
  "CDS": {
    "min": -0.4377039221246339,
    "p25": -0.3147586445563058,
    "p50": -0.2715590010749999,
    "p75": -0.15709108449240117,
    "p90": 0.3244615645448812,
    "max": 0.4824320422175994,
    "mean": -0.1759345890377435
  }
}