{
  "as_of_utc": "2025-11-07T19:37:09.861235+00:00",
  "counts": {
    "symbols": 98
  },
  "TS": {
    "min": -0.7365821323659403,
    "p25": -0.5971403885983978,
    "p50": -0.5250406635339483,
    "p75": 0.3235869715006757,
    "p90": 0.5175085478777429,
    "max": 0.6724574448776288,
    "mean": -0.2681829935763658
  },
  "NS": {
    "min": -0.1429598846716386,
    "p25": 0.09369028073698764,
    "p50": 0.175343454380791,
    "p75": 0.29019773121770737,
    "p90": 0.35605052157413875,
    "max": 0.44735645578755134,
    "mean": 0.17429179332795305
  },
  "CDS": {
    "min": -0.4582114910213822,
    "p25": -0.3053955387863202,
    "p50": -0.22378123795714522,
    "p75": 0.2574162845234839,
    "p90": 0.4094951582529863,
    "max": 0.4936202295814355,
    "mean": -0.09119307881463828
  }
}