{
  "as_of_utc": "2025-11-07T15:15:22.552493+00:00",
  "counts": {
    "symbols": 65
  },
  "TS": {
    "min": -0.7622194081200118,
    "p25": -0.603947980773975,
    "p50": -0.5535976998166936,
    "p75": -0.4835823456623428,
    "p90": 0.4662470525537902,
    "max": 0.6094320853373326,
    "mean": -0.3952158429574861
  },
  "NS": {
    "min": -0.2267780583601396,
    "p25": 0.019812240265088977,
    "p50": 0.14592092309819366,
    "p75": 0.27188406327874065,
    "p90": 0.3358842680353932,
    "max": 0.46654053095718884,
    "mean": 0.14299744034854875
  },
  "CDS": {
    "min": -0.4505981014760639,
    "p25": -0.32596587398939136,
    "p50": -0.2693108434163482,
    "p75": -0.19873444568358503,
    "p90": 0.3560461967361398,
    "max": 0.4934067958059417,
    "mean": -0.17993052963507214
  }
}