{
  "as_of_utc": "2025-11-13T03:10:01.181997+00:00",
  "counts": {
    "symbols": 151
  },
  "TS": {
    "min": -0.7235033819387631,
    "p25": -0.5072371025565343,
    "p50": -0.3570630892762141,
    "p75": 0.536341789945243,
    "p90": 0.6165718141807006,
    "max": 0.7649457943708815,
    "mean": -0.08232212967388314
  },
  "NS": {
    "min": -0.6339346585175284,
    "p25": 0.1290378521747796,
    "p50": 0.24491161109909754,
    "p75": 0.34114945871406843,
    "p90": 0.42117795408642383,
    "max": 0.7129431882547604,
    "mean": 0.23405387407845551
  },
  "CDS": {
    "min": -0.4970604043988599,
    "p25": -0.20560614232655894,
    "p50": -0.10384238125731557,
    "p75": 0.39329743719056,
    "p90": 0.4907599221655018,
    "max": 0.5915615352679928,
    "mean": 0.04564595269052439
  }
}