{
  "as_of_utc": "2025-11-05T06:30:54.245049+00:00",
  "counts": {
    "symbols": 65
  },
  "TS": {
    "min": -0.7172248666567946,
    "p25": -0.5572809103197033,
    "p50": -0.41034828363083775,
    "p75": 0.42248152132732164,
    "p90": 0.4851113847200006,
    "max": 0.6066309895881877,
    "mean": -0.14744943022207208
  },
  "NS": {
    "min": -0.11326873686655928,
    "p25": 0.09468274685892647,
    "p50": 0.17904445294480817,
    "p75": 0.30866863489648383,
    "p90": 0.3835787146138674,
    "max": 0.49841734176579644,
    "mean": 0.19543156071993395
  },
  "CDS": {
    "min": -0.4185844687319432,
    "p25": -0.27610537971021504,
    "p50": -0.17484771754637907,
    "p75": 0.27201831368408735,
    "p90": 0.4408563446654663,
    "max": 0.5299970821902595,
    "mean": -0.010297033845269643
  }
}