{
  "as_of_utc": "2025-11-11T20:14:26.049463+00:00",
  "counts": {
    "symbols": 151
  },
  "TS": {
    "min": -0.7185856564055941,
    "p25": -0.5011922821266648,
    "p50": -0.3439488912238332,
    "p75": 0.5018614960183425,
    "p90": 0.6081072975350961,
    "max": 0.7336008533220592,
    "mean": -0.12690149256694983
  },
  "NS": {
    "min": -0.5333411538709024,
    "p25": 0.11610220099006557,
    "p50": 0.2284770199906573,
    "p75": 0.3546643823943296,
    "p90": 0.4190399689605177,
    "max": 0.5448278645449453,
    "mean": 0.2125581452418082
  },
  "CDS": {
    "min": -0.4773013095293865,
    "p25": -0.2289446366746743,
    "p50": -0.10461302921413188,
    "p75": 0.34600296553214993,
    "p90": 0.47797104544992525,
    "max": 0.5597797157925603,
    "mean": 0.008882362556553402
  }
}