{
  "as_of_utc": "2025-11-07T03:41:35.596708+00:00",
  "counts": {
    "symbols": 65
  },
  "TS": {
    "min": -0.7533199499304969,
    "p25": -0.5912033241771771,
    "p50": -0.5179242035929635,
    "p75": -0.39155935674219644,
    "p90": 0.4550820444499991,
    "max": 0.6337186523472146,
    "mean": -0.3787832137537068
  },
  "NS": {
    "min": -0.2938325925708209,
    "p25": 0.06162162579664358,
    "p50": 0.1224942252867443,
    "p75": 0.24006379668013417,
    "p90": 0.32137834185124114,
    "max": 0.362432710330838,
    "mean": 0.13601472573865675
  },
  "CDS": {
    "min": -0.45085704070086496,
    "p25": -0.3119168380444194,
    "p50": -0.2674747366196633,
    "p75": -0.14767122562330845,
    "p90": 0.33117866961328835,
    "max": 0.46989413876071406,
    "mean": -0.17286403795676136
  }
}