{
  "as_of_utc": "2025-11-07T11:13:24.901325+00:00",
  "counts": {
    "symbols": 65
  },
  "TS": {
    "min": -0.7533199499304969,
    "p25": -0.5912033241771771,
    "p50": -0.5179242035929635,
    "p75": -0.39155935674219644,
    "p90": 0.4550820444499991,
    "max": 0.6337186523472146,
    "mean": -0.3787832137537068
  },
  "NS": {
    "min": -0.29421363795541533,
    "p25": 0.08547225513014418,
    "p50": 0.17018281520323916,
    "p75": 0.2877358288446931,
    "p90": 0.3563830469269729,
    "max": 0.44395062706487254,
    "mean": 0.17092254653270886
  },
  "CDS": {
    "min": -0.4424181080806346,
    "p25": -0.3008650848756048,
    "p50": -0.25664090906313874,
    "p75": -0.12502737100112699,
    "p90": 0.3387101440495768,
    "max": 0.5357034227205288,
    "mean": -0.15890090963914053
  }
}