{
  "as_of_utc": "2025-11-06T04:21:01.973181+00:00",
  "counts": {
    "symbols": 65
  },
  "TS": {
    "min": -0.7123004735839368,
    "p25": -0.5303160103317452,
    "p50": -0.4321518641832054,
    "p75": 0.411911943086555,
    "p90": 0.48325611836821514,
    "max": 0.6411013919597989,
    "mean": -0.18900868532437679
  },
  "NS": {
    "min": -0.10620518047537,
    "p25": 0.10832127244479398,
    "p50": 0.18422228489681486,
    "p75": 0.25628136685555314,
    "p90": 0.30917885136499157,
    "max": 0.3636344166503539,
    "mean": 0.17784389603907616
  },
  "CDS": {
    "min": -0.44034344553077454,
    "p25": -0.24909396978739423,
    "p50": -0.17719242468989116,
    "p75": 0.31484992878405565,
    "p90": 0.41389545490995605,
    "max": 0.5000364173394971,
    "mean": -0.04226765277899559
  }
}