{
  "as_of_utc": "2025-11-05T22:14:48.248114+00:00",
  "counts": {
    "symbols": 65
  },
  "TS": {
    "min": -0.7123004735839368,
    "p25": -0.5303160103317452,
    "p50": -0.4321518641832054,
    "p75": 0.411911943086555,
    "p90": 0.48325611836821514,
    "max": 0.6411013919597989,
    "mean": -0.18900868532437679
  },
  "NS": {
    "min": -0.05232249902906565,
    "p25": 0.1046863794584115,
    "p50": 0.18729146481857753,
    "p75": 0.25837539874735066,
    "p90": 0.3310490960804437,
    "max": 0.44492176971564706,
    "mean": 0.1859152449246575
  },
  "CDS": {
    "min": -0.4483092837619883,
    "p25": -0.26336318609494347,
    "p50": -0.17466436156732593,
    "p75": 0.2940571086406758,
    "p90": 0.41956477011454496,
    "max": 0.5180735222382368,
    "mean": -0.03903911322476306
  }
}