{
  "as_of_utc": "2025-11-06T10:17:16.314636+00:00",
  "counts": {
    "symbols": 65
  },
  "TS": {
    "min": -0.7123004735839368,
    "p25": -0.5303160103317452,
    "p50": -0.4321518641832054,
    "p75": 0.411911943086555,
    "p90": 0.48325611836821514,
    "max": 0.6411013919597989,
    "mean": -0.18900868532437679
  },
  "NS": {
    "min": -0.11787240539045696,
    "p25": 0.1235400499600954,
    "p50": 0.19334318518099416,
    "p75": 0.25773351387972954,
    "p90": 0.3415211704578779,
    "max": 0.4401485839347643,
    "mean": 0.18991183583855697
  },
  "CDS": {
    "min": -0.42461287608009585,
    "p25": -0.25611845654971166,
    "p50": -0.17400008210911272,
    "p75": 0.31450879377277563,
    "p90": 0.42270447813764855,
    "max": 0.5161101110969386,
    "mean": -0.03744047685920326
  }
}