{
  "as_of_utc": "2025-11-05T17:14:53.713269+00:00",
  "counts": {
    "symbols": 65
  },
  "TS": {
    "min": -0.6996820332239718,
    "p25": -0.5422559729591461,
    "p50": -0.362836027795726,
    "p75": 0.4462488857695016,
    "p90": 0.5123601021721889,
    "max": 0.6441947966049777,
    "mean": -0.1650385041776393
  },
  "NS": {
    "min": -0.1741894917958239,
    "p25": 0.11008355000165844,
    "p50": 0.1862273047888642,
    "p75": 0.25758976495987834,
    "p90": 0.3538564390034134,
    "max": 0.4449217697156469,
    "mean": 0.1859962772832023
  },
  "CDS": {
    "min": -0.4190272584787784,
    "p25": -0.25711977598966146,
    "p50": -0.15984323736188658,
    "p75": 0.32331093288695206,
    "p90": 0.4002814414225645,
    "max": 0.524868065781468,
    "mean": -0.024624591593302644
  }
}