{
  "as_of_utc": "2025-11-10T22:13:57.210362+00:00",
  "counts": {
    "symbols": 151
  },
  "TS": {
    "min": -0.7233468420470579,
    "p25": -0.5101543234979313,
    "p50": -0.33247234719330776,
    "p75": 0.4107034212863363,
    "p90": 0.5896999903563741,
    "max": 0.7259912726463816,
    "mean": -0.17147556656411375
  },
  "NS": {
    "min": -0.29239822938145266,
    "p25": 0.10893167546996654,
    "p50": 0.2634049749923329,
    "p75": 0.3761699512974799,
    "p90": 0.47065524459844293,
    "max": 0.7377478239666694,
    "mean": 0.23313661492848467
  },
  "CDS": {
    "min": -0.45810725879474556,
    "p25": -0.2334186368857218,
    "p50": -0.11693756686960821,
    "p75": 0.266487304009217,
    "p90": 0.4880554663159924,
    "max": 0.6729597155047097,
    "mean": -0.009416163806604318
  }
}