{
  "as_of_utc": "2025-11-13T20:16:16.329044+00:00",
  "counts": {
    "symbols": 151
  },
  "TS": {
    "min": -0.7358985316178127,
    "p25": -0.5538969712479289,
    "p50": -0.4904374998589194,
    "p75": 0.42841800767498245,
    "p90": 0.5496844639968307,
    "max": 0.7733529472106249,
    "mean": -0.19937567125661287
  },
  "NS": {
    "min": -0.4331977332760934,
    "p25": 0.1446496879482423,
    "p50": 0.2758531188469638,
    "p75": 0.36903288023763914,
    "p90": 0.4275797042396643,
    "max": 0.585158638754567,
    "mean": 0.2495226677951522
  },
  "CDS": {
    "min": -0.4375025907775196,
    "p25": -0.25037570159918254,
    "p50": -0.16694831094726803,
    "p75": 0.3294410065114094,
    "p90": 0.44819517950500265,
    "max": 0.6309726382172338,
    "mean": -0.019816335635906842
  }
}