{
  "as_of_utc": "2025-11-14T19:32:32.690103+00:00",
  "counts": {
    "symbols": 151
  },
  "TS": {
    "min": -0.8375774734308152,
    "p25": -0.5666745167411364,
    "p50": -0.42173045116979696,
    "p75": -0.11538620098418012,
    "p90": 0.5374046311498114,
    "max": 0.8241324421898135,
    "mean": -0.24928784818934804
  },
  "NS": {
    "min": -0.20640906373304332,
    "p25": 0.1239437368775608,
    "p50": 0.2279139675618131,
    "p75": 0.31160016356754094,
    "p90": 0.3651591933468492,
    "max": 0.7875172935302339,
    "mean": 0.21660282339362702
  },
  "CDS": {
    "min": -0.4241144845045654,
    "p25": -0.2504182602377425,
    "p50": -0.18606520563472156,
    "p75": 0.09306564668592612,
    "p90": 0.43127797858212963,
    "max": 0.5734522787218349,
    "mean": -0.061343343108373395
  }
}