{
  "as_of_utc": "2025-11-13T23:13:20.081628+00:00",
  "counts": {
    "symbols": 151
  },
  "TS": {
    "min": -0.7411695083847137,
    "p25": -0.5634394311207536,
    "p50": -0.5055227982326398,
    "p75": 0.36931802514951073,
    "p90": 0.5264277765974222,
    "max": 0.7647387130344288,
    "mean": -0.22932104939158413
  },
  "NS": {
    "min": -0.39971603159159613,
    "p25": 0.12133691365267868,
    "p50": 0.22791975580137883,
    "p75": 0.32400155843004186,
    "p90": 0.4159670837048666,
    "max": 0.5748401937656686,
    "mean": 0.22725983354859272
  },
  "CDS": {
    "min": -0.42186097902620856,
    "p25": -0.26257995115147786,
    "p50": -0.17706444709721886,
    "p75": 0.29657802724015336,
    "p90": 0.41103266218086537,
    "max": 0.529456244652201,
    "mean": -0.046688696215513394
  }
}