{
  "as_of_utc": "2021-09-12T23:59:00+00:00",
  "counts": {
    "symbols": 62
  },
  "TS": {
    "min": -0.8269963667651514,
    "p25": -0.15164125575867204,
    "p50": -0.02819416519113345,
    "p75": 0.15810344394489245,
    "p90": 0.2634799172625959,
    "max": 0.40166517758853193,
    "mean": -0.03039079252235778
  },
  "NS": {
    "min": -0.0004573526448946425,
    "p25": 0.0028952228814222505,
    "p50": 0.004235111079489988,
    "p75": 0.006992106014757733,
    "p90": 0.008410422215435918,
    "max": 0.014686945977355117,
    "mean": 0.005012340779297342
  },
  "CDS": {
    "min": -0.49511734178433103,
    "p25": -0.08772233626720204,
    "p50": -0.015601233702398645,
    "p75": 0.096522068061374,
    "p90": 0.15926722603245178,
    "max": 0.24207365373823536,
    "mean": -0.016229539201695727
  }
}