{
  "as_of_utc": "2025-11-05T18:20:13.370790+00:00",
  "counts": {
    "symbols": 65
  },
  "TS": {
    "min": -0.7039275302274507,
    "p25": -0.5307254500755973,
    "p50": -0.3619568340058108,
    "p75": 0.4548575763122408,
    "p90": 0.5121894959032895,
    "max": 0.6465708666501941,
    "mean": -0.16748110117687873
  },
  "NS": {
    "min": -0.1779094655670707,
    "p25": 0.08690255313197924,
    "p50": 0.16244921460121983,
    "p75": 0.2466542401406227,
    "p90": 0.33777835539745704,
    "max": 0.40474796915145833,
    "mean": 0.1677431058648552
  },
  "CDS": {
    "min": -0.4242318802271494,
    "p25": -0.2544552648939796,
    "p50": -0.1699850939716216,
    "p75": 0.28799848986321336,
    "p90": 0.40913594800672554,
    "max": 0.5262937078085979,
    "mean": -0.033391418360185166
  }
}