{
  "as_of_utc": "2025-11-08T00:49:45.203566+00:00",
  "counts": {
    "symbols": 148
  },
  "TS": {
    "min": -0.737890651914024,
    "p25": -0.5586605847509984,
    "p50": -0.49397475723418643,
    "p75": -0.21040910042929645,
    "p90": 0.5377810317487173,
    "max": 0.6977027428334699,
    "mean": -0.25841652702331835
  },
  "NS": {
    "min": 0.0,
    "p25": 0.0,
    "p50": 0.0,
    "p75": 0.0,
    "p90": 0.0,
    "max": 0.0,
    "mean": 0.0
  },
  "CDS": {
    "min": -0.4427343911484144,
    "p25": -0.335196350850599,
    "p50": -0.29638485434051187,
    "p75": -0.12624546025757788,
    "p90": 0.32266861904923033,
    "max": 0.4186216457000819,
    "mean": -0.155049916213991
  }
}