{
  "as_of_utc": "2025-11-06T01:02:56.515548+00:00",
  "counts": {
    "symbols": 65
  },
  "TS": {
    "min": -0.7123004735839368,
    "p25": -0.5303160103317452,
    "p50": -0.4321518641832054,
    "p75": 0.411911943086555,
    "p90": 0.48325611836821514,
    "max": 0.6411013919597989,
    "mean": -0.18900868532437679
  },
  "NS": {
    "min": -0.07578814289527278,
    "p25": 0.11708847880205635,
    "p50": 0.17837345400491264,
    "p75": 0.2561666317099231,
    "p90": 0.33570366995439743,
    "max": 0.4239088512706209,
    "mean": 0.18427137326822074
  },
  "CDS": {
    "min": -0.4378324136425935,
    "p25": -0.26309454613761074,
    "p50": -0.17151457023735078,
    "p75": 0.30580448622744044,
    "p90": 0.4226358797882578,
    "max": 0.5051455505380793,
    "mean": -0.039696661887337774
  }
}