{
  "as_of_utc": "2025-11-06T12:28:14.166134+00:00",
  "counts": {
    "symbols": 65
  },
  "TS": {
    "min": -0.7123004735839368,
    "p25": -0.5303160103317452,
    "p50": -0.4321518641832054,
    "p75": 0.411911943086555,
    "p90": 0.48325611836821514,
    "max": 0.6411013919597989,
    "mean": -0.18900868532437679
  },
  "NS": {
    "min": -0.10620373313006479,
    "p25": 0.1446796584798578,
    "p50": 0.2050847828256392,
    "p75": 0.29916858226081344,
    "p90": 0.3746132792989541,
    "max": 0.4000987437210799,
    "mean": 0.2104488919312271
  },
  "CDS": {
    "min": -0.4065564887860938,
    "p25": -0.2351281809735237,
    "p50": -0.16554981616881473,
    "p75": 0.3056045194932716,
    "p90": 0.41536264097155057,
    "max": 0.5179535929882629,
    "mean": -0.029225654422135223
  }
}