{
  "as_of_utc": "2025-11-07T20:37:08.844325+00:00",
  "counts": {
    "symbols": 146
  },
  "TS": {
    "min": -0.737021863321795,
    "p25": -0.5757159900994528,
    "p50": -0.507139551414296,
    "p75": -0.2726751804253963,
    "p90": 0.5160871500090007,
    "max": 0.6821101287874131,
    "mean": -0.2843302530729675
  },
  "NS": {
    "min": -0.6399960701724722,
    "p25": 0.059795388158942246,
    "p50": 0.16333400039746307,
    "p75": 0.26821137072642254,
    "p90": 0.34472882553521045,
    "max": 0.43971021275978744,
    "mean": 0.1488268446136759
  },
  "CDS": {
    "min": -0.5079439643712821,
    "p25": -0.31002903058442477,
    "p50": -0.2296246378979149,
    "p75": -0.011257911765921419,
    "p90": 0.4062497072715705,
    "max": 0.49586828637370994,
    "mean": -0.11106741399831012
  }
}