{
  "as_of_utc": "2025-11-07T19:52:09.096998+00:00",
  "counts": {
    "symbols": 98
  },
  "TS": {
    "min": -0.7365821323659403,
    "p25": -0.5971403885983978,
    "p50": -0.5250406635339483,
    "p75": 0.3235869715006757,
    "p90": 0.5175085478777429,
    "max": 0.6724574448776288,
    "mean": -0.2681829935763658
  },
  "NS": {
    "min": -0.14295988467163864,
    "p25": 0.09369028073698765,
    "p50": 0.175343454380791,
    "p75": 0.29019773121770764,
    "p90": 0.35605052157413863,
    "max": 0.44735645578755134,
    "mean": 0.17429179332795305
  },
  "CDS": {
    "min": -0.4582114910213822,
    "p25": -0.3053955387863202,
    "p50": -0.22378123795714527,
    "p75": 0.25741628452348386,
    "p90": 0.4094951582529862,
    "max": 0.4936202295814354,
    "mean": -0.09119307881463828
  }
}