{
  "as_of_utc": "2025-11-10T17:12:38.062282+00:00",
  "counts": {
    "symbols": 151
  },
  "TS": {
    "min": -0.7292615319926762,
    "p25": -0.5387207799686784,
    "p50": -0.44013865059039303,
    "p75": 0.36469300964556217,
    "p90": 0.5670770351825861,
    "max": 0.7212079176193764,
    "mean": -0.2165718611352201
  },
  "NS": {
    "min": -0.504010843374355,
    "p25": 0.13730930203344066,
    "p50": 0.27572949727343465,
    "p75": 0.3861959460549491,
    "p90": 0.4791765892692953,
    "max": 0.6422504471157182,
    "mean": 0.24794482759618697
  },
  "CDS": {
    "min": -0.5503879488324082,
    "p25": -0.25588267785501917,
    "p50": -0.1380888350631503,
    "p75": 0.2592646815382782,
    "p90": 0.4820339804887993,
    "max": 0.5854730580996654,
    "mean": -0.030765185642657258
  }
}