{
  "as_of_utc": "2025-11-06T18:21:48.381784+00:00",
  "counts": {
    "symbols": 65
  },
  "TS": {
    "min": -0.7596764686906354,
    "p25": -0.5879885663852401,
    "p50": -0.5199754992879408,
    "p75": -0.3968018992359026,
    "p90": 0.4418056929378318,
    "max": 0.6331020135833053,
    "mean": -0.3927623823972464
  },
  "NS": {
    "min": -0.13038157100354644,
    "p25": 0.09248459605841505,
    "p50": 0.16350144455041987,
    "p75": 0.26623798308915736,
    "p90": 0.33126885890059876,
    "max": 0.39078785925436216,
    "mean": 0.16903814436406112
  },
  "CDS": {
    "min": -0.43510450724760674,
    "p25": -0.29708134317571555,
    "p50": -0.2528455646178994,
    "p75": -0.14670063745514653,
    "p90": 0.37106608643112016,
    "max": 0.5007902897681735,
    "mean": -0.1680421716927234
  }
}