{
  "as_of_utc": "2025-11-07T12:27:05.690310+00:00",
  "counts": {
    "symbols": 65
  },
  "TS": {
    "min": -0.7533199499304969,
    "p25": -0.5912033241771771,
    "p50": -0.5179242035929635,
    "p75": -0.39155935674219644,
    "p90": 0.4550820444499991,
    "max": 0.6337186523472146,
    "mean": -0.3787832137537068
  },
  "NS": {
    "min": -0.05571578993717925,
    "p25": 0.07517095065359301,
    "p50": 0.15011732576127396,
    "p75": 0.2791374060014145,
    "p90": 0.3494064105265157,
    "max": 0.4532531215302629,
    "mean": 0.17263949901375045
  },
  "CDS": {
    "min": -0.4455270145891461,
    "p25": -0.3002165578721727,
    "p50": -0.2552551058178081,
    "p75": -0.12499234376420477,
    "p90": 0.3465568831325011,
    "max": 0.5353826368338386,
    "mean": -0.15821412864672388
  }
}