{
  "as_of_utc": "2025-11-07T16:26:49.871692+00:00",
  "counts": {
    "symbols": 98
  },
  "TS": {
    "min": -0.7381056578455953,
    "p25": -0.6052911455397043,
    "p50": -0.5467743550997893,
    "p75": -0.33673895926252384,
    "p90": 0.4768438897961372,
    "max": 0.6552137238654657,
    "mean": -0.325000604505125
  },
  "NS": {
    "min": -0.06882398344028894,
    "p25": 0.10102868213533506,
    "p50": 0.19843126659759142,
    "p75": 0.3085190631115692,
    "p90": 0.34707080465723644,
    "max": 0.5776933813527203,
    "mean": 0.1978841192254719
  },
  "CDS": {
    "min": -0.4529481690655193,
    "p25": -0.30779872060391755,
    "p50": -0.2466236201605405,
    "p75": -0.016769976122613516,
    "p90": 0.41813742079545524,
    "max": 0.504181297651807,
    "mean": -0.11584671501288624
  }
}