{
  "as_of_utc": "2025-11-07T01:02:46.251548+00:00",
  "counts": {
    "symbols": 65
  },
  "TS": {
    "min": -0.7533199499304969,
    "p25": -0.5912033241771771,
    "p50": -0.5179242035929635,
    "p75": -0.39155935674219644,
    "p90": 0.4550820444499991,
    "max": 0.6337186523472146,
    "mean": -0.3787832137537068
  },
  "NS": {
    "min": -0.29422363296424375,
    "p25": 0.06111895539810839,
    "p50": 0.12383702611238084,
    "p75": 0.259285805804435,
    "p90": 0.30381922525563504,
    "max": 0.36399435576686145,
    "mean": 0.13406291803036613
  },
  "CDS": {
    "min": -0.4356788747460107,
    "p25": -0.3149883779804622,
    "p50": -0.2702583555073883,
    "p75": -0.1476002814563763,
    "p90": 0.32592533023764736,
    "max": 0.4724887870454504,
    "mean": -0.1736447610400776
  }
}