{
  "as_of_utc": "2025-11-10T20:16:13.688856+00:00",
  "counts": {
    "symbols": 151
  },
  "TS": {
    "min": -0.7244878415569281,
    "p25": -0.5140204358511532,
    "p50": -0.34031019369814397,
    "p75": 0.3686116341796985,
    "p90": 0.5799284301999283,
    "max": 0.7283000704294416,
    "mean": -0.18157134592790275
  },
  "NS": {
    "min": -0.2720366047124313,
    "p25": 0.14253931379054657,
    "p50": 0.27168511163389786,
    "p75": 0.38014286702692,
    "p90": 0.49186912658667065,
    "max": 0.6082511145400297,
    "mean": 0.2540057637853711
  },
  "CDS": {
    "min": -0.49142718438718913,
    "p25": -0.22565046865067137,
    "p50": -0.1135039936818554,
    "p75": 0.24768186475768572,
    "p90": 0.49238874914707814,
    "max": 0.5971067863028332,
    "mean": -0.0073405020425932116
  }
}