{
  "as_of_utc": "2025-11-11T19:10:46.634104+00:00",
  "counts": {
    "symbols": 151
  },
  "TS": {
    "min": -0.7210147565301562,
    "p25": -0.5123876074144362,
    "p50": -0.36210200178476315,
    "p75": 0.5027231597541839,
    "p90": 0.6014378553564216,
    "max": 0.7378251858724978,
    "mean": -0.1362735691331923
  },
  "NS": {
    "min": -0.5563077922944094,
    "p25": 0.1024378230568484,
    "p50": 0.21079911727710612,
    "p75": 0.29243705368520234,
    "p90": 0.35888717749899524,
    "max": 0.7698101722846119,
    "mean": 0.18836368329449285
  },
  "CDS": {
    "min": -0.48245362031181427,
    "p25": -0.23969941725092198,
    "p50": -0.14276269293576158,
    "p75": 0.33843778186449736,
    "p90": 0.4724725089850726,
    "max": 0.7058144822558129,
    "mean": -0.006206761903744719
  }
}