{
  "as_of_utc": "2025-11-03T23:59:00+00:00",
  "counts": {
    "symbols": 151
  },
  "TS": {
    "min": 0.0,
    "p25": 0.0,
    "p50": 0.0,
    "p75": 0.0,
    "p90": 0.0,
    "max": 0.0,
    "mean": 0.0
  },
  "NS": {
    "min": -1.7390697997379525e-05,
    "p25": 0.0,
    "p50": 0.0,
    "p75": 0.0,
    "p90": 3.848936933499908e-05,
    "max": 0.0004136499567331808,
    "mean": 1.8648977730296833e-05
  },
  "CDS": {
    "min": -6.95627919895181e-06,
    "p25": 0.0,
    "p50": 0.0,
    "p75": 0.0,
    "p90": 1.539574773399963e-05,
    "max": 0.0001654599826932723,
    "mean": 7.4595910921187345e-06
  }
}