{
  "as_of_utc": "2025-11-06T05:15:52.256440+00:00",
  "counts": {
    "symbols": 65
  },
  "TS": {
    "min": -0.7123004735839368,
    "p25": -0.5303160103317452,
    "p50": -0.4321518641832054,
    "p75": 0.411911943086555,
    "p90": 0.48325611836821514,
    "max": 0.6411013919597989,
    "mean": -0.18900868532437679
  },
  "NS": {
    "min": -0.10620373313005686,
    "p25": 0.10230081596568982,
    "p50": 0.17951223764002538,
    "p75": 0.2702884635258747,
    "p90": 0.3607896486147431,
    "max": 0.46568744783116656,
    "mean": 0.18534478125200735
  },
  "CDS": {
    "min": -0.4477093509132516,
    "p25": -0.2618827682157817,
    "p50": -0.17111340360142047,
    "p75": 0.30580448622744044,
    "p90": 0.4289338348989613,
    "max": 0.4980908263844779,
    "mean": -0.03926729869382312
  }
}