{
  "as_of_utc": "2025-11-10T18:19:41.977845+00:00",
  "counts": {
    "symbols": 151
  },
  "TS": {
    "min": -0.72382509813401,
    "p25": -0.5239133442222408,
    "p50": -0.3555349219985856,
    "p75": 0.3608001779889569,
    "p90": 0.5824967121098313,
    "max": 0.7246395371987534,
    "mean": -0.1886508302667639
  },
  "NS": {
    "min": -0.5308810213394578,
    "p25": 0.1282595964437392,
    "p50": 0.2581638200591358,
    "p75": 0.36516409318984755,
    "p90": 0.47016096875580593,
    "max": 0.626865156764701,
    "mean": 0.23434770602814223
  },
  "CDS": {
    "min": -0.5111279275444466,
    "p25": -0.23285035980737778,
    "p50": -0.12766082382955243,
    "p75": 0.25819780599780384,
    "p90": 0.45771931733746396,
    "max": 0.5943472801854517,
    "mean": -0.01945141574880145
  }
}