{
  "as_of_utc": "2025-11-08T00:02:15.717066+00:00",
  "counts": {
    "symbols": 148
  },
  "TS": {
    "min": -0.737890651914024,
    "p25": -0.5586605847509984,
    "p50": -0.49397475723418643,
    "p75": -0.21040910042929645,
    "p90": 0.5377810317487173,
    "max": 0.6977027428334699,
    "mean": -0.25841652702331835
  },
  "NS": {
    "min": -0.5946253559649719,
    "p25": 0.08026641535669865,
    "p50": 0.1590844748343666,
    "p75": 0.27316636092200824,
    "p90": 0.34800648015635144,
    "max": 0.4415517081857227,
    "mean": 0.1546397411010606
  },
  "CDS": {
    "min": -0.489795678688282,
    "p25": -0.29018504414268453,
    "p50": -0.21585037875883573,
    "p75": 0.02340631800008463,
    "p90": 0.424388908924384,
    "max": 0.5104898893089338,
    "mean": -0.09319401977356676
  }
}