{
  "as_of_utc": "2025-11-07T20:37:55.325986+00:00",
  "counts": {
    "symbols": 146
  },
  "TS": {
    "min": -0.737021863321795,
    "p25": -0.5757159900994528,
    "p50": -0.507139551414296,
    "p75": -0.2726751804253963,
    "p90": 0.5160871500090007,
    "max": 0.6821101287874131,
    "mean": -0.2843302530729675
  },
  "NS": {
    "min": -0.639996070172472,
    "p25": 0.05979538815894223,
    "p50": 0.16333400039746315,
    "p75": 0.2682113707264223,
    "p90": 0.34472882553521034,
    "max": 0.4397102127597878,
    "mean": 0.1488268446136759
  },
  "CDS": {
    "min": -0.507943964371282,
    "p25": -0.31002903058442477,
    "p50": -0.22962463789791493,
    "p75": -0.011257911765921474,
    "p90": 0.4062497072715705,
    "max": 0.49586828637370994,
    "mean": -0.11106741399831012
  }
}