{
  "as_of_utc": "2025-11-06T06:22:09.535106+00:00",
  "counts": {
    "symbols": 65
  },
  "TS": {
    "min": -0.7123004735839368,
    "p25": -0.5303160103317452,
    "p50": -0.4321518641832054,
    "p75": 0.411911943086555,
    "p90": 0.48325611836821514,
    "max": 0.6411013919597989,
    "mean": -0.18900868532437679
  },
  "NS": {
    "min": -0.10620373313005693,
    "p25": 0.11070622522055237,
    "p50": 0.1981084639744594,
    "p75": 0.26450876351041147,
    "p90": 0.3158723089501969,
    "max": 0.4656874478311658,
    "mean": 0.18500563243567342
  },
  "CDS": {
    "min": -0.4494933184676935,
    "p25": -0.2548621023226331,
    "p50": -0.18449629139567203,
    "p75": 0.30580448622744044,
    "p90": 0.41909388109728796,
    "max": 0.49500926805099654,
    "mean": -0.03940295822035669
  }
}