{
  "as_of_utc": "2025-11-07T19:52:09.096998+00:00",
  "portfolio_id": "portfolio_max_autotrader",
  "cash": 931.34,
  "market_value": 13564.99,
  "equity": 14496.33,
  "holdings": {
    "AAPL": {
      "qty": 2.4955,
      "avg_cost": 270.11985,
      "mark": 267.61,
      "market_value": 667.82
    },
    "AMD": {
      "qty": 3.0,
      "avg_cost": 0.0,
      "mark": 229.63,
      "market_value": 688.89
    },
    "AMZN": {
      "qty": 2.4614,
      "avg_cost": 233.193835,
      "mark": 241.775,
      "market_value": 595.1
    },
    "ARCC": {
      "qty": 24.36,
      "avg_cost": 0.0,
      "mark": 20.05,
      "market_value": 488.42
    },
    "ASTS": {
      "qty": 4.49,
      "avg_cost": 0.0,
      "mark": 68.56,
      "market_value": 307.83
    },
    "CMI": {
      "qty": 0.9112,
      "avg_cost": 477.922445,
      "mark": 477.445,
      "market_value": 435.05
    },
    "CRWD": {
      "qty": 0.5558,
      "avg_cost": 0.0,
      "mark": 536.43,
      "market_value": 298.15
    },
    "CTM": {
      "qty": 33.0,
      "avg_cost": 1.3,
      "mark": 0.0,
      "market_value": 0.0
    },
    "DDOG": {
      "qty": 2.6554,
      "avg_cost": 187.79761,
      "mark": 187.61,
      "market_value": 498.18
    },
    "DE": {
      "qty": 1.207,
      "avg_cost": 475.53506,
      "mark": 465.405,
      "market_value": 561.74
    },
    "DOCN": {
      "qty": 17.9979,
      "avg_cost": 48.38834,
      "mark": 48.34,
      "market_value": 870.02
    },
    "FSLR": {
      "qty": 5.1072,
      "avg_cost": 270.395438,
      "mark": 263.95,
      "market_value": 1348.05
    },
    "GOOGL": {
      "qty": 5.1474,
      "avg_cost": 280.698868,
      "mark": 277.61,
      "market_value": 1428.97
    },
    "HOOD": {
      "qty": 3.0,
      "avg_cost": 0.0,
      "mark": 128.205,
      "market_value": 384.62
    },
    "JPM": {
      "qty": 2.7791,
      "avg_cost": 313.378065,
      "mark": 313.065,
      "market_value": 870.04
    },
    "MSFT": {
      "qty": 1.5,
      "avg_cost": 0.0,
      "mark": 496.34,
      "market_value": 744.51
    },
    "NVDA": {
      "qty": 3.5,
      "avg_cost": 0.0,
      "mark": 185.78,
      "market_value": 650.23
    },
    "QBTS": {
      "qty": 73.08,
      "avg_cost": 0.0,
      "mark": 28.42,
      "market_value": 2076.93
    },
    "QUBT": {
      "qty": 25.39,
      "avg_cost": 0.0,
      "mark": 12.47,
      "market_value": 316.61
    },
    "RGTI": {
      "qty": 5.17,
      "avg_cost": 0.0,
      "mark": 32.43,
      "market_value": 167.66
    },
    "RKLB": {
      "qty": 3.27,
      "avg_cost": 0.0,
      "mark": 50.815,
      "market_value": 166.17
    },
    "SNOW": {
      "qty": 1.5,
      "avg_cost": 0.0,
      "mark": 0.0,
      "market_value": 0.0
    },
    "TTWO": {
      "qty": 1.8,
      "avg_cost": 0.0,
      "mark": 0.0,
      "market_value": 0.0
    },
    "VOO": {
      "qty": 1.24,
      "avg_cost": 0.0,
      "mark": 0.0,
      "market_value": 0.0
    },
    "VTI": {
      "qty": 7.48,
      "avg_cost": 0.0,
      "mark": 0.0,
      "market_value": 0.0
    },
    "ZS": {
      "qty": 1.3,
      "avg_cost": 0.0,
      "mark": 0.0,
      "market_value": 0.0
    }
  }
}