{
  "as_of_utc": "2025-11-11T17:15:32.941800+00:00",
  "portfolio_id": "portfolio_max_autotrader",
  "cash": 1980.48,
  "market_value": 17717.35,
  "equity": 19697.83,
  "holdings": {
    "AMD": {
      "qty": 2.25,
      "avg_cost": 0.0,
      "mark": 239.11,
      "market_value": 538.0
    },
    "AMZN": {
      "qty": 0.10134,
      "avg_cost": 0.0,
      "mark": 247.85,
      "market_value": 25.12
    },
    "ARCC": {
      "qty": 24.36,
      "avg_cost": 0.0,
      "mark": 20.27,
      "market_value": 493.78
    },
    "ASTS": {
      "qty": 2.737969,
      "avg_cost": 0.0,
      "mark": 69.81,
      "market_value": 191.14
    },
    "BE": {
      "qty": 3.679611,
      "avg_cost": 139.424285,
      "mark": 132.24,
      "market_value": 486.59
    },
    "CRWD": {
      "qty": 0.555751,
      "avg_cost": 0.0,
      "mark": 554.61,
      "market_value": 308.23
    },
    "CTM": {
      "qty": 33.0,
      "avg_cost": 0.0,
      "mark": 1.15,
      "market_value": 37.95
    },
    "DDOG": {
      "qty": 14.54461,
      "avg_cost": 200.536875,
      "mark": 196.88,
      "market_value": 2863.54
    },
    "DOCN": {
      "qty": 9.000075,
      "avg_cost": 0.000433,
      "mark": 50.455,
      "market_value": 454.1
    },
    "FSLR": {
      "qty": 3.0,
      "avg_cost": 0.0,
      "mark": 265.42,
      "market_value": 796.26
    },
    "GOOGL": {
      "qty": 0.741626,
      "avg_cost": 288.57829,
      "mark": 289.02,
      "market_value": 214.34
    },
    "HOOD": {
      "qty": 2.604028,
      "avg_cost": 0.0,
      "mark": 131.62,
      "market_value": 342.74
    },
    "JPM": {
      "qty": 1.5,
      "avg_cost": 0.0,
      "mark": 316.755,
      "market_value": 475.13
    },
    "MDB": {
      "qty": 1.369537,
      "avg_cost": 374.60423,
      "mark": 370.135,
      "market_value": 506.91
    },
    "MSFT": {
      "qty": 1.125,
      "avg_cost": 0.0,
      "mark": 504.21,
      "market_value": 567.24
    },
    "NVDA": {
      "qty": 2.625,
      "avg_cost": 0.0,
      "mark": 192.755,
      "market_value": 505.98
    },
    "QBTS": {
      "qty": 36.256346,
      "avg_cost": 0.0,
      "mark": 28.8,
      "market_value": 1044.18
    },
    "QUBT": {
      "qty": 2.148213,
      "avg_cost": 0.0,
      "mark": 11.835,
      "market_value": 25.42
    },
    "RGTI": {
      "qty": 0.979489,
      "avg_cost": 0.0,
      "mark": 30.72,
      "market_value": 30.09
    },
    "RKLB": {
      "qty": 2.223281,
      "avg_cost": 0.0,
      "mark": 53.29,
      "market_value": 118.48
    },
    "SEDG": {
      "qty": 7.5e-05,
      "avg_cost": 48.00796,
      "mark": 44.33,
      "market_value": 0.0
    },
    "SNOW": {
      "qty": 1.5,
      "avg_cost": 0.0,
      "mark": 270.95,
      "market_value": 406.42
    },
    "TTWO": {
      "qty": 0.361492,
      "avg_cost": 0.0,
      "mark": 239.0,
      "market_value": 86.4
    },
    "TWLO": {
      "qty": 3.0,
      "avg_cost": 0.0,
      "mark": 130.98,
      "market_value": 392.94
    },
    "VOO": {
      "qty": 0.665306,
      "avg_cost": 0.0,
      "mark": 625.66,
      "market_value": 416.26
    },
    "VTI": {
      "qty": 9.036748,
      "avg_cost": 0.0,
      "mark": 334.66,
      "market_value": 3024.24
    },
    "XOP": {
      "qty": 21.819918,
      "avg_cost": 134.7346,
      "mark": 134.6,
      "market_value": 2936.96
    },
    "ZS": {
      "qty": 1.3,
      "avg_cost": 0.0,
      "mark": 329.925,
      "market_value": 428.9
    }
  }
}