{
  "as_of_utc": "2025-11-10T20:47:00.410702+00:00",
  "portfolio_id": "portfolio_max_autotrader",
  "cash": 3469.07,
  "market_value": 16454.13,
  "equity": 19923.2,
  "holdings": {
    "AMD": {
      "qty": 3.0,
      "avg_cost": 0.0,
      "mark": 244.52,
      "market_value": 733.56
    },
    "AMZN": {
      "qty": 0.10134,
      "avg_cost": 0.0,
      "mark": 248.78,
      "market_value": 25.21
    },
    "ARCC": {
      "qty": 24.36,
      "avg_cost": 0.0,
      "mark": 20.235,
      "market_value": 492.92
    },
    "ASTS": {
      "qty": 3.650625,
      "avg_cost": 0.0,
      "mark": 69.03,
      "market_value": 252.0
    },
    "BE": {
      "qty": 3.679611,
      "avg_cost": 139.424285,
      "mark": 140.92,
      "market_value": 518.53
    },
    "CRWD": {
      "qty": 0.555751,
      "avg_cost": 0.0,
      "mark": 557.895,
      "market_value": 310.05
    },
    "CTM": {
      "qty": 33.0,
      "avg_cost": 0.0,
      "mark": 1.205,
      "market_value": 39.77
    },
    "DDOG": {
      "qty": 14.54461,
      "avg_cost": 200.536875,
      "mark": 200.07,
      "market_value": 2909.94
    },
    "DOCN": {
      "qty": 9.000075,
      "avg_cost": 0.000433,
      "mark": 51.89,
      "market_value": 467.01
    },
    "FSLR": {
      "qty": 3.0,
      "avg_cost": 0.0,
      "mark": 272.22,
      "market_value": 816.66
    },
    "GOOGL": {
      "qty": 0.741626,
      "avg_cost": 288.57829,
      "mark": 290.205,
      "market_value": 215.22
    },
    "HOOD": {
      "qty": 3.472037,
      "avg_cost": 0.0,
      "mark": 136.9,
      "market_value": 475.32
    },
    "JPM": {
      "qty": 1.5,
      "avg_cost": 0.0,
      "mark": 317.32,
      "market_value": 475.98
    },
    "MDB": {
      "qty": 1.369537,
      "avg_cost": 374.60423,
      "mark": 377.16,
      "market_value": 516.53
    },
    "MSFT": {
      "qty": 1.5,
      "avg_cost": 0.0,
      "mark": 505.805,
      "market_value": 758.71
    },
    "NVDA": {
      "qty": 3.5,
      "avg_cost": 0.0,
      "mark": 199.535,
      "market_value": 698.37
    },
    "QBTS": {
      "qty": 48.341795,
      "avg_cost": 0.0,
      "mark": 29.41,
      "market_value": 1421.73
    },
    "QUBT": {
      "qty": 4.197617,
      "avg_cost": 0.0,
      "mark": 12.755,
      "market_value": 53.54
    },
    "RGTI": {
      "qty": 1.305985,
      "avg_cost": 0.0,
      "mark": 33.3,
      "market_value": 43.49
    },
    "RKLB": {
      "qty": 2.964375,
      "avg_cost": 0.0,
      "mark": 51.82,
      "market_value": 153.61
    },
    "SEDG": {
      "qty": 7.5e-05,
      "avg_cost": 48.00796,
      "mark": 46.35,
      "market_value": 0.0
    },
    "SNOW": {
      "qty": 1.5,
      "avg_cost": 0.0,
      "mark": 269.935,
      "market_value": 404.9
    },
    "TTWO": {
      "qty": 0.481989,
      "avg_cost": 0.0,
      "mark": 234.93,
      "market_value": 113.23
    },
    "TWLO": {
      "qty": 3.0,
      "avg_cost": 0.0,
      "mark": 130.96,
      "market_value": 392.88
    },
    "VOO": {
      "qty": 0.887075,
      "avg_cost": 0.0,
      "mark": 626.89,
      "market_value": 556.1
    },
    "VTI": {
      "qty": 9.48,
      "avg_cost": 0.0,
      "mark": 335.285,
      "market_value": 3178.5
    },
    "ZS": {
      "qty": 1.3,
      "avg_cost": 0.0,
      "mark": 331.03,
      "market_value": 430.34
    }
  }
}